﻿{"paragraphs":[{"text":"%md\r\n### Demonstrate use of SQL Data Definition Language (DDL) Statements\r\nDatabricks Documentation: [Spark SQL](https://docs.databricks.com/spark/latest/spark-sql/index.html)","dateUpdated":"2021-02-27T21:34:39+0000","config":{"tableHide":false,"editorSetting":{"editOnDblClick":true,"language":"markdown"},"colWidth":12,"editorMode":"ace/mode/markdown","editorHide":true,"results":{},"enabled":true},"settings":{"params":{},"forms":{}},"results":{"code":"SUCCESS","msg":[{"type":"HTML","data":"<h3>Demonstrate use of SQL Data Definition Language (DDL) Statements</h3>\n<p>Databricks Documentation: <a href=\"https://docs.databricks.com/spark/latest/spark-sql/index.html\">Spark SQL</a></p>\n"}]},"apps":[],"jobName":"paragraph_1614461679709_1796274251","id":"20210226-223317_1792138108","dateCreated":"2021-02-27T21:34:39+0000","status":"READY","errorMessage":"","progressUpdateIntervalMs":500,"focus":true,"$$hashKey":"object:7388"},{"text":"%md\n## HDInsight Use Zeppelin Notebook\n[Zeppelin Notebook](https://docs.microsoft.com/en-us/azure/hdinsight/spark/apache-spark-zeppelin-notebook)","dateUpdated":"2021-02-27T21:34:39+0000","config":{"tableHide":false,"editorSetting":{"editOnDblClick":true,"language":"markdown"},"colWidth":12,"editorMode":"ace/mode/markdown","editorHide":true,"results":{},"enabled":true},"settings":{"params":{},"forms":{}},"results":{"code":"SUCCESS","msg":[{"type":"HTML","data":"<h2>HDInsight Use Zeppelin Notebook</h2>\n<p><a href=\"https://docs.microsoft.com/en-us/azure/hdinsight/spark/apache-spark-zeppelin-notebook\">Zeppelin Notebook</a></p>\n"}]},"apps":[],"jobName":"paragraph_1614461679713_1782423291","id":"20210227-010218_782840427","dateCreated":"2021-02-27T21:34:39+0000","status":"READY","errorMessage":"","progressUpdateIntervalMs":500,"$$hashKey":"object:7389"},{"text":"%md\r\n## Use SQL Data Definition Language (DDL)","dateUpdated":"2021-02-27T21:34:39+0000","config":{"tableHide":false,"editorSetting":{"editOnDblClick":true,"language":"markdown"},"colWidth":12,"editorMode":"ace/mode/markdown","editorHide":true,"results":{},"enabled":true},"settings":{"params":{},"forms":{}},"results":{"code":"SUCCESS","msg":[{"type":"HTML","data":"<h2>Use SQL Data Definition Language (DDL)</h2>\n"}]},"apps":[],"jobName":"paragraph_1614461679714_1783577538","id":"20210226-223357_850903538","dateCreated":"2021-02-27T21:34:39+0000","status":"READY","errorMessage":"","progressUpdateIntervalMs":500,"$$hashKey":"object:7390"},{"text":"%md\n\n## Do Not use semi-colons to end statements.\n","dateUpdated":"2021-02-27T21:34:39+0000","config":{"tableHide":false,"editorSetting":{"editOnDblClick":true,"language":"markdown"},"colWidth":12,"editorMode":"ace/mode/markdown","editorHide":true,"results":{},"enabled":true},"settings":{"params":{},"forms":{}},"results":{"code":"SUCCESS","msg":[{"type":"HTML","data":"<h2>Do Not use semi-colons to end statements.</h2>\n"}]},"apps":[],"jobName":"paragraph_1614461679714_1783577538","id":"20210226-224915_2003500220","dateCreated":"2021-02-27T21:34:39+0000","status":"READY","errorMessage":"","progressUpdateIntervalMs":500,"$$hashKey":"object:7391"},{"title":"Create a Database","text":"%sql\nCREATE DATABASE mydb\n","user":"anonymous","dateUpdated":"2021-02-27T21:35:53+0000","config":{"tableHide":true,"editorSetting":{"editOnDblClick":false,"language":"sql"},"colWidth":12,"editorMode":"ace/mode/sql","title":true,"results":{},"enabled":true},"settings":{"params":{},"forms":{}},"results":{"code":"SUCCESS","msg":[{"type":"TABLE","data":""},{"type":"HTML","data":"<hr/>Spark Application Id: application_1614459913438_0003<br/>Spark WebUI: <a href=\"http://hn1-hdinsi.332fji3jh5iuxpnx1vpcqgj0xe.bx.internal.cloudapp.net:8088/proxy/application_1614459913438_0003/\">http://hn1-hdinsi.332fji3jh5iuxpnx1vpcqgj0xe.bx.internal.cloudapp.net:8088/proxy/application_1614459913438_0003/</a>"}]},"apps":[],"jobName":"paragraph_1614461679714_1783577538","id":"20210226-223532_1184699139","dateCreated":"2021-02-27T21:34:39+0000","dateStarted":"2021-02-27T21:35:53+0000","dateFinished":"2021-02-27T21:36:55+0000","status":"FINISHED","progressUpdateIntervalMs":500,"$$hashKey":"object:7392"},{"text":"%sql\n\nUSE mydb ","user":"anonymous","dateUpdated":"2021-02-27T21:44:21+0000","config":{"colWidth":12,"editorMode":"ace/mode/sql","results":{"0":{"graph":{"mode":"table","height":88,"optionOpen":false}}},"enabled":true,"editorSetting":{"editOnDblClick":false,"language":"sql"}},"settings":{"params":{},"forms":{}},"apps":[],"jobName":"paragraph_1614461679715_1783192789","id":"20210226-233940_1906917470","dateCreated":"2021-02-27T21:34:39+0000","dateStarted":"2021-02-27T21:44:21+0000","dateFinished":"2021-02-27T21:44:22+0000","status":"FINISHED","progressUpdateIntervalMs":500,"$$hashKey":"object:7393","results":{"code":"SUCCESS","msg":[{"type":"TABLE","data":""},{"type":"HTML","data":"<hr/>Spark Application Id: application_1614459913438_0004<br/>Spark WebUI: <a href=\"http://hn1-hdinsi.332fji3jh5iuxpnx1vpcqgj0xe.bx.internal.cloudapp.net:8088/proxy/application_1614459913438_0004/\">http://hn1-hdinsi.332fji3jh5iuxpnx1vpcqgj0xe.bx.internal.cloudapp.net:8088/proxy/application_1614459913438_0004/</a>"}]}},{"text":"%sql\n\nSHOW TABLES \n","user":"anonymous","dateUpdated":"2021-02-27T21:44:15+0000","config":{"colWidth":12,"editorMode":"ace/mode/sql","results":{"0":{"graph":{"mode":"table","height":114,"optionOpen":false}}},"enabled":true,"editorSetting":{"editOnDblClick":false,"language":"sql"}},"settings":{"params":{},"forms":{}},"results":{"code":"SUCCESS","msg":[{"type":"TABLE","data":"database\ttableName\tisTemporary"},{"type":"HTML","data":"<hr/>Spark Application Id: application_1614459913438_0004<br/>Spark WebUI: <a href=\"http://hn1-hdinsi.332fji3jh5iuxpnx1vpcqgj0xe.bx.internal.cloudapp.net:8088/proxy/application_1614459913438_0004/\">http://hn1-hdinsi.332fji3jh5iuxpnx1vpcqgj0xe.bx.internal.cloudapp.net:8088/proxy/application_1614459913438_0004/</a>"}]},"apps":[],"jobName":"paragraph_1614461679715_1783192789","id":"20210226-223556_403126966","dateCreated":"2021-02-27T21:34:39+0000","dateStarted":"2021-02-27T21:44:15+0000","dateFinished":"2021-02-27T21:44:16+0000","status":"FINISHED","progressUpdateIntervalMs":500,"$$hashKey":"object:7394"},{"text":"%sql\nDESCRIBE DATABASE mydb\n","user":"anonymous","dateUpdated":"2021-02-27T21:44:29+0000","config":{"colWidth":12,"editorMode":"ace/mode/sql","results":{},"enabled":true,"editorSetting":{"editOnDblClick":false,"language":"sql"}},"settings":{"params":{},"forms":{}},"results":{"code":"SUCCESS","msg":[{"type":"TABLE","data":"database_description_item\tdatabase_description_value\nDatabase Name\tmydb\nDescription\t\nLocation\twasb://hdinsightspark-2021-02-27t20-55-45-275z@hdinsightstorage123b.blob.core.windows.net/hive/warehouse/mydb.db"},{"type":"HTML","data":"<hr/>Spark Application Id: application_1614459913438_0004<br/>Spark WebUI: <a href=\"http://hn1-hdinsi.332fji3jh5iuxpnx1vpcqgj0xe.bx.internal.cloudapp.net:8088/proxy/application_1614459913438_0004/\">http://hn1-hdinsi.332fji3jh5iuxpnx1vpcqgj0xe.bx.internal.cloudapp.net:8088/proxy/application_1614459913438_0004/</a>"}]},"apps":[],"jobName":"paragraph_1614461679716_1781269044","id":"20210226-224035_1674779769","dateCreated":"2021-02-27T21:34:39+0000","dateStarted":"2021-02-27T21:44:29+0000","dateFinished":"2021-02-27T21:44:30+0000","status":"FINISHED","progressUpdateIntervalMs":500,"$$hashKey":"object:7395"},{"text":"%sql\n\nDESCRIBE DATABASE EXTENDED mydb\n","dateUpdated":"2021-02-27T21:44:45+0000","config":{"colWidth":12,"editorMode":"ace/mode/sql","results":{},"enabled":true,"editorSetting":{"editOnDblClick":false,"language":"sql"}},"settings":{"params":{},"forms":{}},"apps":[],"jobName":"paragraph_1614461679716_1781269044","id":"20210226-224117_400288846","dateCreated":"2021-02-27T21:34:39+0000","status":"FINISHED","progressUpdateIntervalMs":500,"$$hashKey":"object:7396","user":"anonymous","dateFinished":"2021-02-27T21:44:46+0000","dateStarted":"2021-02-27T21:44:45+0000","results":{"code":"SUCCESS","msg":[{"type":"TABLE","data":"database_description_item\tdatabase_description_value\nDatabase Name\tmydb\nDescription\t\nLocation\twasb://hdinsightspark-2021-02-27t20-55-45-275z@hdinsightstorage123b.blob.core.windows.net/hive/warehouse/mydb.db\nProperties\t"},{"type":"HTML","data":"<hr/>Spark Application Id: application_1614459913438_0004<br/>Spark WebUI: <a href=\"http://hn1-hdinsi.332fji3jh5iuxpnx1vpcqgj0xe.bx.internal.cloudapp.net:8088/proxy/application_1614459913438_0004/\">http://hn1-hdinsi.332fji3jh5iuxpnx1vpcqgj0xe.bx.internal.cloudapp.net:8088/proxy/application_1614459913438_0004/</a>"}]}},{"text":"%sql\n\nALTER DATABASE mydb SET DBPROPERTIES (Production=true)\n","dateUpdated":"2021-02-27T21:45:03+0000","config":{"colWidth":12,"editorMode":"ace/mode/sql","results":{"0":{"graph":{"mode":"table","height":88,"optionOpen":false}},"1":{"graph":{"mode":"table","height":70,"optionOpen":false}}},"enabled":true,"editorSetting":{"editOnDblClick":false,"language":"sql"}},"settings":{"params":{},"forms":{}},"apps":[],"jobName":"paragraph_1614461679716_1781269044","id":"20210226-224150_579911029","dateCreated":"2021-02-27T21:34:39+0000","status":"FINISHED","progressUpdateIntervalMs":500,"$$hashKey":"object:7397","user":"anonymous","dateFinished":"2021-02-27T21:45:04+0000","dateStarted":"2021-02-27T21:45:03+0000","results":{"code":"SUCCESS","msg":[{"type":"TABLE","data":""},{"type":"HTML","data":"<hr/>Spark Application Id: application_1614459913438_0004<br/>Spark WebUI: <a href=\"http://hn1-hdinsi.332fji3jh5iuxpnx1vpcqgj0xe.bx.internal.cloudapp.net:8088/proxy/application_1614459913438_0004/\">http://hn1-hdinsi.332fji3jh5iuxpnx1vpcqgj0xe.bx.internal.cloudapp.net:8088/proxy/application_1614459913438_0004/</a>"}]}},{"text":"%sql\n\nDESCRIBE DATABASE EXTENDED mydb\n","dateUpdated":"2021-02-27T21:45:09+0000","config":{"colWidth":12,"editorMode":"ace/mode/sql","results":{"0":{"graph":{"mode":"table","height":214,"optionOpen":false}}},"enabled":true,"editorSetting":{"editOnDblClick":false,"language":"sql"}},"settings":{"params":{},"forms":{}},"apps":[],"jobName":"paragraph_1614461679717_1780884295","id":"20210226-224209_1680340837","dateCreated":"2021-02-27T21:34:39+0000","status":"FINISHED","progressUpdateIntervalMs":500,"$$hashKey":"object:7398","user":"anonymous","dateFinished":"2021-02-27T21:45:10+0000","dateStarted":"2021-02-27T21:45:09+0000","results":{"code":"SUCCESS","msg":[{"type":"TABLE","data":"database_description_item\tdatabase_description_value\nDatabase Name\tmydb\nDescription\t\nLocation\twasb://hdinsightspark-2021-02-27t20-55-45-275z@hdinsightstorage123b.blob.core.windows.net/hive/warehouse/mydb.db\nProperties\t((Production,true))"},{"type":"HTML","data":"<hr/>Spark Application Id: application_1614459913438_0004<br/>Spark WebUI: <a href=\"http://hn1-hdinsi.332fji3jh5iuxpnx1vpcqgj0xe.bx.internal.cloudapp.net:8088/proxy/application_1614459913438_0004/\">http://hn1-hdinsi.332fji3jh5iuxpnx1vpcqgj0xe.bx.internal.cloudapp.net:8088/proxy/application_1614459913438_0004/</a>"}]}},{"text":"%sql\n\nCREATE TABLE mytable (name STRING, age int, city STRING)\nTBLPROPERTIES ('created.by.user' = 'Bryan', 'created.date' = '02-21-2021')","dateUpdated":"2021-02-27T21:45:51+0000","config":{"colWidth":12,"editorMode":"ace/mode/sql","results":{"0":{"graph":{"mode":"table","height":114,"optionOpen":false}}},"enabled":true,"editorSetting":{"editOnDblClick":false,"language":"sql"}},"settings":{"params":{},"forms":{}},"apps":[],"jobName":"paragraph_1614461679717_1780884295","id":"20210226-224255_1225958744","dateCreated":"2021-02-27T21:34:39+0000","status":"FINISHED","progressUpdateIntervalMs":500,"$$hashKey":"object:7399","user":"anonymous","dateFinished":"2021-02-27T21:45:54+0000","dateStarted":"2021-02-27T21:45:51+0000","results":{"code":"SUCCESS","msg":[{"type":"TABLE","data":""},{"type":"HTML","data":"<hr/>Spark Application Id: application_1614459913438_0004<br/>Spark WebUI: <a href=\"http://hn1-hdinsi.332fji3jh5iuxpnx1vpcqgj0xe.bx.internal.cloudapp.net:8088/proxy/application_1614459913438_0004/\">http://hn1-hdinsi.332fji3jh5iuxpnx1vpcqgj0xe.bx.internal.cloudapp.net:8088/proxy/application_1614459913438_0004/</a>"}]}},{"text":"%sql\n\nSHOW TBLPROPERTIES mytable\n","dateUpdated":"2021-02-27T21:45:58+0000","config":{"colWidth":12,"editorMode":"ace/mode/sql","results":{"0":{"graph":{"mode":"table","height":314,"optionOpen":false}}},"enabled":true,"editorSetting":{"editOnDblClick":false,"language":"sql"}},"settings":{"params":{},"forms":{}},"apps":[],"jobName":"paragraph_1614461679717_1780884295","id":"20210226-224329_1213735071","dateCreated":"2021-02-27T21:34:39+0000","status":"FINISHED","progressUpdateIntervalMs":500,"$$hashKey":"object:7400","user":"anonymous","dateFinished":"2021-02-27T21:45:59+0000","dateStarted":"2021-02-27T21:45:58+0000","results":{"code":"SUCCESS","msg":[{"type":"TABLE","data":"key\tvalue\ncreated.by.user\tBryan\ncreated.date\t02-21-2021\ntransient_lastDdlTime\t1614462353"},{"type":"HTML","data":"<hr/>Spark Application Id: application_1614459913438_0004<br/>Spark WebUI: <a href=\"http://hn1-hdinsi.332fji3jh5iuxpnx1vpcqgj0xe.bx.internal.cloudapp.net:8088/proxy/application_1614459913438_0004/\">http://hn1-hdinsi.332fji3jh5iuxpnx1vpcqgj0xe.bx.internal.cloudapp.net:8088/proxy/application_1614459913438_0004/</a>"}]}},{"text":"%sql\n\nSHOW TBLPROPERTIES mytable (created.by.user)\n","dateUpdated":"2021-02-27T21:46:12+0000","config":{"colWidth":12,"editorMode":"ace/mode/sql","results":{"0":{"graph":{"mode":"table","height":134,"optionOpen":false}}},"enabled":true,"editorSetting":{"editOnDblClick":false,"language":"sql"}},"settings":{"params":{},"forms":{}},"apps":[],"jobName":"paragraph_1614461679717_1780884295","id":"20210226-224358_1577798396","dateCreated":"2021-02-27T21:34:39+0000","status":"FINISHED","progressUpdateIntervalMs":500,"$$hashKey":"object:7401","user":"anonymous","dateFinished":"2021-02-27T21:46:13+0000","dateStarted":"2021-02-27T21:46:12+0000","results":{"code":"SUCCESS","msg":[{"type":"TABLE","data":"value\nBryan"},{"type":"HTML","data":"<hr/>Spark Application Id: application_1614459913438_0004<br/>Spark WebUI: <a href=\"http://hn1-hdinsi.332fji3jh5iuxpnx1vpcqgj0xe.bx.internal.cloudapp.net:8088/proxy/application_1614459913438_0004/\">http://hn1-hdinsi.332fji3jh5iuxpnx1vpcqgj0xe.bx.internal.cloudapp.net:8088/proxy/application_1614459913438_0004/</a>"}]}},{"text":"%sql\n\nDESCRIBE TABLE EXTENDED mytable\n","dateUpdated":"2021-02-27T21:46:24+0000","config":{"colWidth":12,"editorMode":"ace/mode/sql","results":{},"enabled":true,"editorSetting":{"editOnDblClick":false,"language":"sql"}},"settings":{"params":{},"forms":{}},"apps":[],"jobName":"paragraph_1614461679718_1782038542","id":"20210226-224437_1210827949","dateCreated":"2021-02-27T21:34:39+0000","status":"FINISHED","progressUpdateIntervalMs":500,"$$hashKey":"object:7402","user":"anonymous","dateFinished":"2021-02-27T21:46:26+0000","dateStarted":"2021-02-27T21:46:24+0000","results":{"code":"SUCCESS","msg":[{"type":"TABLE","data":"col_name\tdata_type\tcomment\nname\tstring\tnull\nage\tint\tnull\ncity\tstring\tnull\n\t\t\n# Detailed Table Information\t\t\nDatabase\tmydb\t\nTable\tmytable\t\nOwner\tlivy\t\nCreated Time\tSat Feb 27 21:45:53 UTC 2021\t\nLast Access\tThu Jan 01 00:00:00 UTC 1970\t\nCreated By\tSpark 2.3.2.2.6.5.3026-7\t\nType\tMANAGED\t\nProvider\thive\t\nTable Properties\t[created.by.user=Bryan, created.date=02-21-2021, transient_lastDdlTime=1614462353]\t\nLocation\twasb://hdinsightspark-2021-02-27t20-55-45-275z@hdinsightstorage123b.blob.core.windows.net/hive/warehouse/mydb.db/mytable\t\nSerde Library\torg.apache.hadoop.hive.serde2.lazy.LazySimpleSerDe\t\nInputFormat\torg.apache.hadoop.mapred.TextInputFormat\t\nOutputFormat\torg.apache.hadoop.hive.ql.io.HiveIgnoreKeyTextOutputFormat\t\nStorage Properties\t[serialization.format=1]\t\nPartition Provider\tCatalog\t"},{"type":"HTML","data":"<hr/>Spark Application Id: application_1614459913438_0004<br/>Spark WebUI: <a href=\"http://hn1-hdinsi.332fji3jh5iuxpnx1vpcqgj0xe.bx.internal.cloudapp.net:8088/proxy/application_1614459913438_0004/\">http://hn1-hdinsi.332fji3jh5iuxpnx1vpcqgj0xe.bx.internal.cloudapp.net:8088/proxy/application_1614459913438_0004/</a>"}]}},{"text":"%sql\n\nALTER TABLE mytable RENAME TO mytable2\n","dateUpdated":"2021-02-27T21:46:59+0000","config":{"colWidth":12,"editorMode":"ace/mode/sql","results":{},"enabled":true,"editorSetting":{"editOnDblClick":false,"language":"sql"}},"settings":{"params":{},"forms":{}},"apps":[],"jobName":"paragraph_1614461679718_1782038542","id":"20210226-224458_1339961112","dateCreated":"2021-02-27T21:34:39+0000","status":"FINISHED","progressUpdateIntervalMs":500,"$$hashKey":"object:7403","user":"anonymous","dateFinished":"2021-02-27T21:47:01+0000","dateStarted":"2021-02-27T21:46:59+0000","results":{"code":"SUCCESS","msg":[{"type":"TABLE","data":""},{"type":"HTML","data":"<hr/>Spark Application Id: application_1614459913438_0004<br/>Spark WebUI: <a href=\"http://hn1-hdinsi.332fji3jh5iuxpnx1vpcqgj0xe.bx.internal.cloudapp.net:8088/proxy/application_1614459913438_0004/\">http://hn1-hdinsi.332fji3jh5iuxpnx1vpcqgj0xe.bx.internal.cloudapp.net:8088/proxy/application_1614459913438_0004/</a>"}]}},{"text":"%sql\n\nALTER TABLE mytable2 ADD columns (title string, DOB timestamp)\n","dateUpdated":"2021-02-27T21:47:22+0000","config":{"colWidth":12,"editorMode":"ace/mode/sql","results":{"0":{"graph":{"mode":"table","height":86,"optionOpen":false}},"1":{"graph":{"mode":"table","height":70,"optionOpen":false}}},"enabled":true,"editorSetting":{"editOnDblClick":false,"language":"sql"}},"settings":{"params":{},"forms":{}},"apps":[],"jobName":"paragraph_1614461679718_1782038542","id":"20210226-224531_1169321607","dateCreated":"2021-02-27T21:34:39+0000","status":"FINISHED","progressUpdateIntervalMs":500,"$$hashKey":"object:7404","user":"anonymous","dateFinished":"2021-02-27T21:47:23+0000","dateStarted":"2021-02-27T21:47:22+0000","results":{"code":"SUCCESS","msg":[{"type":"TABLE","data":""},{"type":"HTML","data":"<hr/>Spark Application Id: application_1614459913438_0004<br/>Spark WebUI: <a href=\"http://hn1-hdinsi.332fji3jh5iuxpnx1vpcqgj0xe.bx.internal.cloudapp.net:8088/proxy/application_1614459913438_0004/\">http://hn1-hdinsi.332fji3jh5iuxpnx1vpcqgj0xe.bx.internal.cloudapp.net:8088/proxy/application_1614459913438_0004/</a>"}]}},{"text":"%sql\n\nDESCRIBE TABLE mytable2\n","dateUpdated":"2021-02-27T21:47:26+0000","config":{"colWidth":12,"editorMode":"ace/mode/sql","results":{},"enabled":true,"editorSetting":{"editOnDblClick":false,"language":"sql"}},"settings":{"params":{},"forms":{}},"apps":[],"jobName":"paragraph_1614461679718_1782038542","id":"20210226-224613_859070472","dateCreated":"2021-02-27T21:34:39+0000","status":"FINISHED","progressUpdateIntervalMs":500,"$$hashKey":"object:7405","user":"anonymous","dateFinished":"2021-02-27T21:47:27+0000","dateStarted":"2021-02-27T21:47:26+0000","results":{"code":"SUCCESS","msg":[{"type":"TABLE","data":"col_name\tdata_type\tcomment\nname\tstring\tnull\nage\tint\tnull\ncity\tstring\tnull\ntitle\tstring\tnull\nDOB\ttimestamp\tnull"},{"type":"HTML","data":"<hr/>Spark Application Id: application_1614459913438_0004<br/>Spark WebUI: <a href=\"http://hn1-hdinsi.332fji3jh5iuxpnx1vpcqgj0xe.bx.internal.cloudapp.net:8088/proxy/application_1614459913438_0004/\">http://hn1-hdinsi.332fji3jh5iuxpnx1vpcqgj0xe.bx.internal.cloudapp.net:8088/proxy/application_1614459913438_0004/</a>"}]}},{"text":"%sql\n\nALTER TABLE mytable2 CHANGE city city string COMMENT \"Address City\"\n\n-- On Azure Databricks was stated as \n--    ALTER TABLE StudentInfo ALTER COLUMN name COMMENT \"new comment\";\n\n","dateUpdated":"2021-02-27T21:48:49+0000","config":{"colWidth":12,"editorMode":"ace/mode/sql","results":{"0":{"graph":{"mode":"table","height":154,"optionOpen":false}}},"enabled":true,"editorSetting":{"editOnDblClick":false,"language":"sql"}},"settings":{"params":{},"forms":{}},"apps":[],"jobName":"paragraph_1614461679719_1781653793","id":"20210226-224654_806428585","dateCreated":"2021-02-27T21:34:39+0000","status":"FINISHED","progressUpdateIntervalMs":500,"$$hashKey":"object:7406","user":"anonymous","dateFinished":"2021-02-27T21:48:50+0000","dateStarted":"2021-02-27T21:48:49+0000","results":{"code":"SUCCESS","msg":[{"type":"TABLE","data":""},{"type":"HTML","data":"<hr/>Spark Application Id: application_1614459913438_0004<br/>Spark WebUI: <a href=\"http://hn1-hdinsi.332fji3jh5iuxpnx1vpcqgj0xe.bx.internal.cloudapp.net:8088/proxy/application_1614459913438_0004/\">http://hn1-hdinsi.332fji3jh5iuxpnx1vpcqgj0xe.bx.internal.cloudapp.net:8088/proxy/application_1614459913438_0004/</a>"}]}},{"text":"%sql\n\nDESCRIBE TABLE mytable2","dateUpdated":"2021-02-27T21:48:53+0000","config":{"colWidth":12,"editorMode":"ace/mode/sql","results":{"0":{"graph":{"mode":"table","height":204,"optionOpen":false}}},"enabled":true,"editorSetting":{"editOnDblClick":false,"language":"sql"}},"settings":{"params":{},"forms":{}},"apps":[],"jobName":"paragraph_1614461679719_1781653793","id":"20210226-224716_1010997038","dateCreated":"2021-02-27T21:34:39+0000","status":"FINISHED","progressUpdateIntervalMs":500,"$$hashKey":"object:7407","user":"anonymous","dateFinished":"2021-02-27T21:48:54+0000","dateStarted":"2021-02-27T21:48:53+0000","results":{"code":"SUCCESS","msg":[{"type":"TABLE","data":"col_name\tdata_type\tcomment\nname\tstring\tnull\nage\tint\tnull\ncity\tstring\tAddress City\ntitle\tstring\tnull\nDOB\ttimestamp\tnull"},{"type":"HTML","data":"<hr/>Spark Application Id: application_1614459913438_0004<br/>Spark WebUI: <a href=\"http://hn1-hdinsi.332fji3jh5iuxpnx1vpcqgj0xe.bx.internal.cloudapp.net:8088/proxy/application_1614459913438_0004/\">http://hn1-hdinsi.332fji3jh5iuxpnx1vpcqgj0xe.bx.internal.cloudapp.net:8088/proxy/application_1614459913438_0004/</a>"}]}},{"text":"%sql\n\nALTER TABLE mytable2 SET TBLPROPERTIES (sensitivedata=false)\n","dateUpdated":"2021-02-27T21:49:43+0000","config":{"colWidth":12,"editorMode":"ace/mode/sql","results":{"0":{"graph":{"mode":"table","height":88,"optionOpen":false}}},"enabled":true,"editorSetting":{"editOnDblClick":false,"language":"sql"}},"settings":{"params":{},"forms":{}},"apps":[],"jobName":"paragraph_1614461679719_1781653793","id":"20210226-230912_1519544082","dateCreated":"2021-02-27T21:34:39+0000","status":"FINISHED","progressUpdateIntervalMs":500,"$$hashKey":"object:7408","user":"anonymous","dateFinished":"2021-02-27T21:49:44+0000","dateStarted":"2021-02-27T21:49:43+0000","results":{"code":"SUCCESS","msg":[{"type":"TABLE","data":""},{"type":"HTML","data":"<hr/>Spark Application Id: application_1614459913438_0004<br/>Spark WebUI: <a href=\"http://hn1-hdinsi.332fji3jh5iuxpnx1vpcqgj0xe.bx.internal.cloudapp.net:8088/proxy/application_1614459913438_0004/\">http://hn1-hdinsi.332fji3jh5iuxpnx1vpcqgj0xe.bx.internal.cloudapp.net:8088/proxy/application_1614459913438_0004/</a>"}]}},{"text":"%sql\n\nDESCRIBE TABLE EXTENDED mytable2 \n\n","dateUpdated":"2021-02-27T21:49:47+0000","config":{"colWidth":12,"editorMode":"ace/mode/sql","results":{"0":{"graph":{"mode":"table","height":300,"optionOpen":false},"helium":{}}},"enabled":true,"editorSetting":{"editOnDblClick":false,"language":"sql"}},"settings":{"params":{},"forms":{}},"apps":[],"jobName":"paragraph_1614461679719_1781653793","id":"20210226-230955_241296384","dateCreated":"2021-02-27T21:34:39+0000","status":"FINISHED","progressUpdateIntervalMs":500,"$$hashKey":"object:7409","user":"anonymous","dateFinished":"2021-02-27T21:49:48+0000","dateStarted":"2021-02-27T21:49:47+0000","results":{"code":"SUCCESS","msg":[{"type":"TABLE","data":"col_name\tdata_type\tcomment\nname\tstring\tnull\nage\tint\tnull\ncity\tstring\tAddress City\ntitle\tstring\tnull\nDOB\ttimestamp\tnull\n\t\t\n# Detailed Table Information\t\t\nDatabase\tmydb\t\nTable\tmytable2\t\nOwner\tlivy\t\nCreated Time\tSat Feb 27 21:45:53 UTC 2021\t\nLast Access\tThu Jan 01 00:00:00 UTC 1970\t\nCreated By\tSpark 2.3.2.2.6.5.3026-7\t\nType\tMANAGED\t\nProvider\thive\t\nTable Properties\t[created.by.user=Bryan, created.date=02-21-2021, transient_lastDdlTime=1614462583, sensitivedata=false]\t\nLocation\twasb://hdinsightspark-2021-02-27t20-55-45-275z@hdinsightstorage123b.blob.core.windows.net/hive/warehouse/mydb.db/mytable2\t\nSerde Library\torg.apache.hadoop.hive.serde2.lazy.LazySimpleSerDe\t\nInputFormat\torg.apache.hadoop.mapred.TextInputFormat\t\nOutputFormat\torg.apache.hadoop.hive.ql.io.HiveIgnoreKeyTextOutputFormat\t\nStorage Properties\t[serialization.format=1]\t\nPartition Provider\tCatalog\t"},{"type":"HTML","data":"<hr/>Spark Application Id: application_1614459913438_0004<br/>Spark WebUI: <a href=\"http://hn1-hdinsi.332fji3jh5iuxpnx1vpcqgj0xe.bx.internal.cloudapp.net:8088/proxy/application_1614459913438_0004/\">http://hn1-hdinsi.332fji3jh5iuxpnx1vpcqgj0xe.bx.internal.cloudapp.net:8088/proxy/application_1614459913438_0004/</a>"}]}},{"text":"%sql\n\nSHOW PARTITIONS mytable2\n","dateUpdated":"2021-02-27T21:50:20+0000","config":{"colWidth":12,"editorMode":"ace/mode/sql","results":{"0":{"graph":{"mode":"table","height":91.2,"optionOpen":false}}},"enabled":true,"editorSetting":{"editOnDblClick":false,"language":"sql"}},"settings":{"params":{},"forms":{}},"apps":[],"jobName":"paragraph_1614461679719_1781653793","id":"20210226-231036_959064042","dateCreated":"2021-02-27T21:34:39+0000","status":"ERROR","progressUpdateIntervalMs":500,"$$hashKey":"object:7410","user":"anonymous","dateFinished":"2021-02-27T21:50:21+0000","dateStarted":"2021-02-27T21:50:20+0000","results":{"code":"ERROR","msg":[{"type":"TEXT","data":"org.apache.spark.sql.AnalysisException: SHOW PARTITIONS is not allowed on a table that is not partitioned: `mydb`.`mytable2`;\n  at org.apache.spark.sql.execution.command.ShowPartitionsCommand.run(tables.scala:899)\n  at org.apache.spark.sql.execution.command.ExecutedCommandExec.sideEffectResult$lzycompute(commands.scala:70)\n  at org.apache.spark.sql.execution.command.ExecutedCommandExec.sideEffectResult(commands.scala:68)\n  at org.apache.spark.sql.execution.command.ExecutedCommandExec.executeCollect(commands.scala:79)\n  at org.apache.spark.sql.Dataset$$anonfun$6.apply(Dataset.scala:190)\n  at org.apache.spark.sql.Dataset$$anonfun$6.apply(Dataset.scala:190)\n  at org.apache.spark.sql.Dataset$$anonfun$52.apply(Dataset.scala:3259)\n  at org.apache.spark.sql.execution.SQLExecution$.withNewExecutionId(SQLExecution.scala:77)\n  at org.apache.spark.sql.Dataset.withAction(Dataset.scala:3258)\n  at org.apache.spark.sql.Dataset.<init>(Dataset.scala:190)\n  at org.apache.spark.sql.Dataset$.ofRows(Dataset.scala:75)\n  at org.apache.spark.sql.SparkSession.sql(SparkSession.scala:642)\n  ... 50 elided"}]}},{"text":"%sql\n\nSHOW TBLPROPERTIES mytable2\n","dateUpdated":"2021-02-27T21:50:41+0000","config":{"colWidth":12,"editorMode":"ace/mode/sql","results":{"0":{"graph":{"mode":"table","height":114,"optionOpen":false}}},"enabled":true,"editorSetting":{"editOnDblClick":false,"language":"sql"}},"settings":{"params":{},"forms":{}},"apps":[],"jobName":"paragraph_1614461679720_1779730049","id":"20210226-231226_303337949","dateCreated":"2021-02-27T21:34:39+0000","status":"FINISHED","progressUpdateIntervalMs":500,"$$hashKey":"object:7411","user":"anonymous","dateFinished":"2021-02-27T21:50:42+0000","dateStarted":"2021-02-27T21:50:41+0000","results":{"code":"SUCCESS","msg":[{"type":"TABLE","data":"key\tvalue\ncreated.by.user\tBryan\ncreated.date\t02-21-2021\ntransient_lastDdlTime\t1614462583\nsensitivedata\tfalse"},{"type":"HTML","data":"<hr/>Spark Application Id: application_1614459913438_0004<br/>Spark WebUI: <a href=\"http://hn1-hdinsi.332fji3jh5iuxpnx1vpcqgj0xe.bx.internal.cloudapp.net:8088/proxy/application_1614459913438_0004/\">http://hn1-hdinsi.332fji3jh5iuxpnx1vpcqgj0xe.bx.internal.cloudapp.net:8088/proxy/application_1614459913438_0004/</a>"}]}},{"text":"%sql\n\nSHOW FUNCTIONS\n","dateUpdated":"2021-02-27T21:51:58+0000","config":{"colWidth":12,"editorMode":"ace/mode/sql","results":{"0":{"graph":{"mode":"table","height":164,"optionOpen":false}}},"enabled":true,"editorSetting":{"editOnDblClick":false,"language":"sql"}},"settings":{"params":{},"forms":{}},"apps":[],"jobName":"paragraph_1614461679720_1779730049","id":"20210226-231353_1280682453","dateCreated":"2021-02-27T21:34:39+0000","status":"FINISHED","progressUpdateIntervalMs":500,"$$hashKey":"object:7413","user":"anonymous","dateFinished":"2021-02-27T21:51:59+0000","dateStarted":"2021-02-27T21:51:58+0000","results":{"code":"SUCCESS","msg":[{"type":"TABLE","data":"function\n!\n%\n&\n*\n+\n-\n/\n<\n<=\n<=>\n=\n==\n>\n>=\n^\nabs\nacos\nadd_months\nand\napprox_count_distinct\napprox_percentile\narray\narray_contains\nascii\nasin\nassert_true\natan\natan2\navg\nbase64\nbigint\nbin\nbinary\nbit_length\nboolean\nbround\ncast\ncbrt\nceil\nceiling\nchar\nchar_length\ncharacter_length\nchr\ncoalesce\ncollect_list\ncollect_set\nconcat\nconcat_ws\nconv\ncorr\ncos\ncosh\ncot\ncount\ncount_min_sketch\ncovar_pop\ncovar_samp\ncrc32\ncube\ncume_dist\ncurrent_database\ncurrent_date\ncurrent_timestamp\ndate\ndate_add\ndate_format\ndate_sub\ndate_trunc\ndatediff\nday\ndayofmonth\ndayofweek\ndayofyear\ndecimal\ndecode\ndegrees\ndense_rank\ndouble\ne\nelt\nencode\nexp\nexplode\nexplode_outer\nexpm1\nfactorial\nfind_in_set\nfirst\nfirst_value\nfloat\nfloor\nformat_number\nformat_string\nfrom_json\nfrom_unixtime\nfrom_utc_timestamp\nget_json_object\ngreatest\ngrouping\ngrouping_id\nhash\nhex\nhour\nhypot\nif\nifnull\nin\ninitcap\ninline\ninline_outer\ninput_file_block_length\ninput_file_block_start\ninput_file_name\ninstr\nint\nisnan\nisnotnull\nisnull\njava_method\njson_tuple\nkurtosis\nlag\nlast\nlast_day\nlast_value\nlcase\nlead\nleast\nleft\nlength\nlevenshtein\nlike\nln\nlocate\nlog\nlog10\nlog1p\nlog2\nlower\nlpad\nltrim\nmap\nmap_keys\nmap_values\nmax\nmd5\nmean\nmin\nminute\nmod\nmonotonically_increasing_id\nmonth\nmonths_between\nnamed_struct\nnanvl\nnegative\nnext_day\nnot\nnow\nntile\nnullif\nnvl\nnvl2\noctet_length\nor\nparse_url\npercent_rank\npercentile\npercentile_approx\npi\npmod\nposexplode\nposexplode_outer\nposition\npositive\npow\npower\nprintf\nquarter\nradians\nrand\nrandn\nrank\nreflect\nregexp_extract\nregexp_replace\nrepeat\nreplace\nreverse\nright\nrint\nrlike\nrollup\nround\nrow_number\nrpad\nrtrim\nsecond\nsentences\nsha\nsha1\nsha2\nshiftleft\nshiftright\nshiftrightunsigned\nsign\nsignum\nsin\nsinh\nsize\nskewness\nsmallint\nsort_array\nsoundex\nspace\nspark_partition_id\nsplit\nsqrt\nstack\nstd\nstddev\nstddev_pop\nstddev_samp\nstr_to_map\nstring\nstruct\nsubstr\nsubstring\nsubstring_index\nsum\ntan\ntanh\ntimestamp\ntinyint\nto_date\nto_json\nto_timestamp\nto_unix_timestamp\nto_utc_timestamp\ntranslate\ntrim\ntrunc\nucase\nunbase64\nunhex\nunix_timestamp\nupper\nuuid\nvar_pop\nvar_samp\nvariance\nweekofyear\nwhen\nwindow\nxpath\nxpath_boolean\nxpath_double\nxpath_float\nxpath_int\nxpath_long\nxpath_number\nxpath_short\nxpath_string\nyear\n|\n~"},{"type":"HTML","data":"<hr/>Spark Application Id: application_1614459913438_0004<br/>Spark WebUI: <a href=\"http://hn1-hdinsi.332fji3jh5iuxpnx1vpcqgj0xe.bx.internal.cloudapp.net:8088/proxy/application_1614459913438_0004/\">http://hn1-hdinsi.332fji3jh5iuxpnx1vpcqgj0xe.bx.internal.cloudapp.net:8088/proxy/application_1614459913438_0004/</a>"}]}},{"text":"%sql\n\nUSE mydb; \n\nshow tables","dateUpdated":"2021-02-27T21:52:14+0000","config":{"colWidth":12,"editorMode":"ace/mode/sql","results":{"0":{"graph":{"mode":"table","height":84,"optionOpen":false}}},"enabled":true,"editorSetting":{"editOnDblClick":false,"language":"sql"}},"settings":{"params":{},"forms":{}},"apps":[],"jobName":"paragraph_1614461679720_1779730049","id":"20210226-231455_1829894618","dateCreated":"2021-02-27T21:34:39+0000","status":"ERROR","progressUpdateIntervalMs":500,"$$hashKey":"object:7414","user":"anonymous","dateFinished":"2021-02-27T21:52:15+0000","dateStarted":"2021-02-27T21:52:14+0000","results":{"code":"ERROR","msg":[{"type":"TEXT","data":"org.apache.spark.sql.catalyst.parser.ParseException:\nmismatched input ';' expecting <EOF>(line 1, pos 8)\n\n== SQL ==\nUSE mydb;\n--------^^^\n\nshow tables\n\n  at org.apache.spark.sql.catalyst.parser.ParseException.withCommand(ParseDriver.scala:239)\n  at org.apache.spark.sql.catalyst.parser.AbstractSqlParser.parse(ParseDriver.scala:115)\n  at org.apache.spark.sql.execution.SparkSqlParser.parse(SparkSqlParser.scala:48)\n  at org.apache.spark.sql.catalyst.parser.AbstractSqlParser.parsePlan(ParseDriver.scala:69)\n  at org.apache.spark.sql.SparkSession.sql(SparkSession.scala:642)\n  ... 50 elided"}]}},{"text":"%sql\n\nSHOW TABLES FROM mydb","dateUpdated":"2021-02-27T21:52:30+0000","config":{"colWidth":12,"editorMode":"ace/mode/sql","results":{"0":{"graph":{"mode":"table","height":84,"optionOpen":false}}},"enabled":true,"editorSetting":{"editOnDblClick":false,"language":"sql"}},"settings":{"params":{},"forms":{}},"apps":[],"jobName":"paragraph_1614461679720_1779730049","id":"20210226-232706_1125593086","dateCreated":"2021-02-27T21:34:39+0000","status":"FINISHED","progressUpdateIntervalMs":500,"$$hashKey":"object:7415","user":"anonymous","dateFinished":"2021-02-27T21:52:31+0000","dateStarted":"2021-02-27T21:52:30+0000","results":{"code":"SUCCESS","msg":[{"type":"TABLE","data":"database\ttableName\tisTemporary\nmydb\tmytable2\tfalse"},{"type":"HTML","data":"<hr/>Spark Application Id: application_1614459913438_0004<br/>Spark WebUI: <a href=\"http://hn1-hdinsi.332fji3jh5iuxpnx1vpcqgj0xe.bx.internal.cloudapp.net:8088/proxy/application_1614459913438_0004/\">http://hn1-hdinsi.332fji3jh5iuxpnx1vpcqgj0xe.bx.internal.cloudapp.net:8088/proxy/application_1614459913438_0004/</a>"}]}},{"text":"%sql\n\nDROP DATABASE IF EXISTS mydb\n","dateUpdated":"2021-02-27T21:53:15+0000","config":{"colWidth":12,"editorMode":"ace/mode/sql","results":{},"enabled":true,"editorSetting":{"editOnDblClick":false,"language":"sql"}},"settings":{"params":{},"forms":{}},"apps":[],"jobName":"paragraph_1614461679721_1779345300","id":"20210226-231524_857339390","dateCreated":"2021-02-27T21:34:39+0000","status":"ERROR","progressUpdateIntervalMs":500,"$$hashKey":"object:7416","user":"anonymous","dateFinished":"2021-02-27T21:53:16+0000","dateStarted":"2021-02-27T21:53:15+0000","results":{"code":"ERROR","msg":[{"type":"TEXT","data":"org.apache.spark.sql.AnalysisException: org.apache.hadoop.hive.ql.metadata.HiveException: InvalidOperationException(message:Database mydb is not empty. One or more tables exist.);\n  at org.apache.spark.sql.hive.HiveExternalCatalog.withClient(HiveExternalCatalog.scala:106)\n  at org.apache.spark.sql.hive.HiveExternalCatalog.doDropDatabase(HiveExternalCatalog.scala:170)\n  at org.apache.spark.sql.catalyst.catalog.ExternalCatalog.dropDatabase(ExternalCatalog.scala:77)\n  at org.apache.spark.sql.catalyst.catalog.SessionCatalog.dropDatabase(SessionCatalog.scala:220)\n  at org.apache.spark.sql.execution.command.DropDatabaseCommand.run(ddl.scala:105)\n  at org.apache.spark.sql.execution.command.ExecutedCommandExec.sideEffectResult$lzycompute(commands.scala:70)\n  at org.apache.spark.sql.execution.command.ExecutedCommandExec.sideEffectResult(commands.scala:68)\n  at org.apache.spark.sql.execution.command.ExecutedCommandExec.executeCollect(commands.scala:79)\n  at org.apache.spark.sql.Dataset$$anonfun$6.apply(Dataset.scala:190)\n  at org.apache.spark.sql.Dataset$$anonfun$6.apply(Dataset.scala:190)\n  at org.apache.spark.sql.Dataset$$anonfun$52.apply(Dataset.scala:3259)\n  at org.apache.spark.sql.execution.SQLExecution$.withNewExecutionId(SQLExecution.scala:77)\n  at org.apache.spark.sql.Dataset.withAction(Dataset.scala:3258)\n  at org.apache.spark.sql.Dataset.<init>(Dataset.scala:190)\n  at org.apache.spark.sql.Dataset$.ofRows(Dataset.scala:75)\n  at org.apache.spark.sql.SparkSession.sql(SparkSession.scala:642)\n  ... 50 elided\nCaused by: org.apache.hadoop.hive.ql.metadata.HiveException: InvalidOperationException(message:Database mydb is not empty. One or more tables exist.)\n  at org.apache.hadoop.hive.ql.metadata.Hive.dropDatabase(Hive.java:367)\n  at org.apache.spark.sql.hive.client.HiveClientImpl$$anonfun$dropDatabase$1.apply$mcV$sp(HiveClientImpl.scala:318)\n  at org.apache.spark.sql.hive.client.HiveClientImpl$$anonfun$dropDatabase$1.apply(HiveClientImpl.scala:318)\n  at org.apache.spark.sql.hive.client.HiveClientImpl$$anonfun$dropDatabase$1.apply(HiveClientImpl.scala:318)\n  at org.apache.spark.sql.hive.client.HiveClientImpl$$anonfun$withHiveState$1.apply(HiveClientImpl.scala:274)\n  at org.apache.spark.sql.hive.client.HiveClientImpl.liftedTree1$1(HiveClientImpl.scala:212)\n  at org.apache.spark.sql.hive.client.HiveClientImpl.retryLocked(HiveClientImpl.scala:211)\n  at org.apache.spark.sql.hive.client.HiveClientImpl.withHiveState(HiveClientImpl.scala:257)\n  at org.apache.spark.sql.hive.client.HiveClientImpl.dropDatabase(HiveClientImpl.scala:317)\n  at org.apache.spark.sql.hive.HiveExternalCatalog$$anonfun$doDropDatabase$1.apply$mcV$sp(HiveExternalCatalog.scala:171)\n  at org.apache.spark.sql.hive.HiveExternalCatalog$$anonfun$doDropDatabase$1.apply(HiveExternalCatalog.scala:171)\n  at org.apache.spark.sql.hive.HiveExternalCatalog$$anonfun$doDropDatabase$1.apply(HiveExternalCatalog.scala:171)\n  at org.apache.spark.sql.hive.HiveExternalCatalog.withClient(HiveExternalCatalog.scala:97)\n  ... 65 more\nCaused by: org.apache.hadoop.hive.metastore.api.InvalidOperationException: Database mydb is not empty. One or more tables exist.\n  at org.apache.hadoop.hive.metastore.api.ThriftHiveMetastore$drop_database_result$drop_database_resultStandardScheme.read(ThriftHiveMetastore.java:16466)\n  at org.apache.hadoop.hive.metastore.api.ThriftHiveMetastore$drop_database_result$drop_database_resultStandardScheme.read(ThriftHiveMetastore.java:16443)\n  at org.apache.hadoop.hive.metastore.api.ThriftHiveMetastore$drop_database_result.read(ThriftHiveMetastore.java:16377)\n  at org.apache.thrift.TServiceClient.receiveBase(TServiceClient.java:86)\n  at org.apache.hadoop.hive.metastore.api.ThriftHiveMetastore$Client.recv_drop_database(ThriftHiveMetastore.java:685)\n  at org.apache.hadoop.hive.metastore.api.ThriftHiveMetastore$Client.drop_database(ThriftHiveMetastore.java:670)\n  at org.apache.hadoop.hive.metastore.HiveMetaStoreClient.dropDatabase(HiveMetaStoreClient.java:743)\n  at sun.reflect.NativeMethodAccessorImpl.invoke0(Native Method)\n  at sun.reflect.NativeMethodAccessorImpl.invoke(NativeMethodAccessorImpl.java:62)\n  at sun.reflect.DelegatingMethodAccessorImpl.invoke(DelegatingMethodAccessorImpl.java:43)\n  at java.lang.reflect.Method.invoke(Method.java:498)\n  at org.apache.hadoop.hive.metastore.RetryingMetaStoreClient.invoke(RetryingMetaStoreClient.java:156)\n  at com.sun.proxy.$Proxy36.dropDatabase(Unknown Source)\n  at org.apache.hadoop.hive.ql.metadata.Hive.dropDatabase(Hive.java:363)\n  ... 77 more"}]}},{"text":"%sql\n\nDROP TABLE IF EXISTS mytable2\n","dateUpdated":"2021-02-27T21:53:35+0000","config":{"colWidth":12,"editorMode":"ace/mode/sql","results":{},"enabled":true,"editorSetting":{"editOnDblClick":false,"language":"sql"}},"settings":{"params":{},"forms":{}},"apps":[],"jobName":"paragraph_1614461679721_1779345300","id":"20210226-231738_1752930662","dateCreated":"2021-02-27T21:34:39+0000","status":"FINISHED","progressUpdateIntervalMs":500,"$$hashKey":"object:7417","user":"anonymous","dateFinished":"2021-02-27T21:53:36+0000","dateStarted":"2021-02-27T21:53:35+0000","results":{"code":"SUCCESS","msg":[{"type":"TABLE","data":""},{"type":"HTML","data":"<hr/>Spark Application Id: application_1614459913438_0004<br/>Spark WebUI: <a href=\"http://hn1-hdinsi.332fji3jh5iuxpnx1vpcqgj0xe.bx.internal.cloudapp.net:8088/proxy/application_1614459913438_0004/\">http://hn1-hdinsi.332fji3jh5iuxpnx1vpcqgj0xe.bx.internal.cloudapp.net:8088/proxy/application_1614459913438_0004/</a>"}]}},{"text":"%sql\n\nDROP DATABASE IF EXISTS mydb","dateUpdated":"2021-02-27T21:53:41+0000","config":{"colWidth":12,"editorMode":"ace/mode/sql","results":{},"enabled":true,"editorSetting":{"editOnDblClick":false,"language":"sql"}},"settings":{"params":{},"forms":{}},"apps":[],"jobName":"paragraph_1614461679721_1779345300","id":"20210226-231757_998779997","dateCreated":"2021-02-27T21:34:39+0000","status":"FINISHED","progressUpdateIntervalMs":500,"$$hashKey":"object:7418","user":"anonymous","dateFinished":"2021-02-27T21:53:42+0000","dateStarted":"2021-02-27T21:53:41+0000","results":{"code":"SUCCESS","msg":[{"type":"TABLE","data":""},{"type":"HTML","data":"<hr/>Spark Application Id: application_1614459913438_0004<br/>Spark WebUI: <a href=\"http://hn1-hdinsi.332fji3jh5iuxpnx1vpcqgj0xe.bx.internal.cloudapp.net:8088/proxy/application_1614459913438_0004/\">http://hn1-hdinsi.332fji3jh5iuxpnx1vpcqgj0xe.bx.internal.cloudapp.net:8088/proxy/application_1614459913438_0004/</a>"}]}},{"text":"%sql\n","user":"anonymous","dateUpdated":"2021-02-27T21:53:41+0000","config":{"colWidth":12,"enabled":true,"results":{},"editorSetting":{"editOnDblClick":false,"language":"sql"},"editorMode":"ace/mode/sql"},"settings":{"params":{},"forms":{}},"apps":[],"jobName":"paragraph_1614462821178_-1217026584","id":"20210227-215341_718304767","dateCreated":"2021-02-27T21:53:41+0000","status":"READY","progressUpdateIntervalMs":500,"focus":true,"$$hashKey":"object:12032"}],"name":"Zeppelin_Notebook_SQL_DDL","id":"2FZUYPQ6U","angularObjects":{"2CHS8UYQQ:shared_process":[],"2C8A4SZ9T_livy2:shared_process":[],"2CK8A9MEG:shared_process":[],"2CKAY1A8Y:shared_process":[],"2CKEKWY8Z:shared_process":[]},"config":{"isZeppelinNotebookCronEnable":false,"looknfeel":"default","personalizedMode":"false"},"info":{}}