﻿{"paragraphs":[{"text":"%md\n\n#### Author: Bryan Cafferky Copyright 3/16/2021\n\n### Disclaimer:  Not for production use.  For demostration only.","user":"anonymous","dateUpdated":"2021-03-16T19:58:00+0000","config":{"colWidth":12,"fontSize":9,"enabled":true,"results":{},"editorSetting":{"language":"markdown","editOnDblClick":true,"completionKey":"TAB","completionSupport":false},"editorMode":"ace/mode/markdown","editorHide":true,"tableHide":false},"settings":{"params":{},"forms":{}},"apps":[],"jobName":"paragraph_1615914830159_-162623373","id":"20210316-171350_785272787","dateCreated":"2021-03-16T17:13:50+0000","dateStarted":"2021-03-16T19:58:00+0000","dateFinished":"2021-03-16T19:58:00+0000","status":"FINISHED","progressUpdateIntervalMs":500,"focus":true,"$$hashKey":"object:26536","results":{"code":"SUCCESS","msg":[{"type":"HTML","data":"<h4>Author: Bryan Cafferky Copyright 3/16/2021</h4>\n<h3>Disclaimer:  Not for production use.  For demostration only.</h3>\n"}]}},{"text":"%md\n\n### Link to Databricks blog on CREATE FROM CSV\nhttps://forums.databricks.com/questions/9611/how-can-i-create-a-table-from-a-csv-file-with-firs.html\n","user":"anonymous","dateUpdated":"2021-03-16T19:58:03+0000","config":{"tableHide":false,"editorSetting":{"language":"markdown","editOnDblClick":true,"completionKey":"TAB","completionSupport":false},"colWidth":12,"editorMode":"ace/mode/markdown","fontSize":9,"editorHide":true,"results":{},"enabled":true},"settings":{"params":{},"forms":{}},"apps":[],"jobName":"paragraph_1615912927135_-66679850","id":"20210314-011608_2060755835","dateCreated":"2021-03-16T16:42:07+0000","status":"FINISHED","progressUpdateIntervalMs":500,"$$hashKey":"object:26537","dateFinished":"2021-03-16T19:58:03+0000","dateStarted":"2021-03-16T19:58:03+0000","results":{"code":"SUCCESS","msg":[{"type":"HTML","data":"<h3>Link to Databricks blog on CREATE FROM CSV</h3>\n<p>https://forums.databricks.com/questions/9611/how-can-i-create-a-table-from-a-csv-file-with-firs.html</p>\n"}]}},{"text":"%sql\n\nCREATE DATABASE IF NOT EXISTS awproject","user":"anonymous","dateUpdated":"2021-03-16T20:09:44+0000","config":{"colWidth":10,"fontSize":9,"enabled":true,"results":{"0":{"graph":{"mode":"table","height":86,"optionOpen":false,"setting":{"table":{"tableGridState":{},"tableColumnTypeState":{"names":{}},"tableOptionSpecHash":"[{\"name\":\"useFilter\",\"valueType\":\"boolean\",\"defaultValue\":false,\"widget\":\"checkbox\",\"description\":\"Enable filter for columns\"},{\"name\":\"showPagination\",\"valueType\":\"boolean\",\"defaultValue\":false,\"widget\":\"checkbox\",\"description\":\"Enable pagination for better navigation\"},{\"name\":\"showAggregationFooter\",\"valueType\":\"boolean\",\"defaultValue\":false,\"widget\":\"checkbox\",\"description\":\"Enable a footer for displaying aggregated values\"}]","tableOptionValue":{"useFilter":false,"showPagination":false,"showAggregationFooter":false},"updated":false,"initialized":false}},"commonSetting":{}}},"1":{"graph":{"mode":"table","height":300,"optionOpen":false,"setting":{"table":{"tableGridState":{},"tableColumnTypeState":{"names":{}},"tableOptionSpecHash":"[{\"name\":\"useFilter\",\"valueType\":\"boolean\",\"defaultValue\":false,\"widget\":\"checkbox\",\"description\":\"Enable filter for columns\"},{\"name\":\"showPagination\",\"valueType\":\"boolean\",\"defaultValue\":false,\"widget\":\"checkbox\",\"description\":\"Enable pagination for better navigation\"},{\"name\":\"showAggregationFooter\",\"valueType\":\"boolean\",\"defaultValue\":false,\"widget\":\"checkbox\",\"description\":\"Enable a footer for displaying aggregated values\"}]","tableOptionValue":{"useFilter":false,"showPagination":false,"showAggregationFooter":false},"updated":false,"initialized":false}},"commonSetting":{}}}},"editorSetting":{"language":"sql","editOnDblClick":false,"completionKey":"TAB","completionSupport":true},"editorMode":"ace/mode/sql","editorHide":false},"settings":{"params":{},"forms":{}},"apps":[],"jobName":"paragraph_1615912982168_2092030633","id":"20210316-164302_1642606567","dateCreated":"2021-03-16T16:43:02+0000","dateStarted":"2021-03-16T20:09:44+0000","dateFinished":"2021-03-16T20:09:45+0000","status":"FINISHED","progressUpdateIntervalMs":500,"$$hashKey":"object:26538","results":{"code":"SUCCESS","msg":[{"type":"TABLE","data":""},{"type":"HTML","data":"<hr/>Spark Application Id: application_1615908427205_0005<br/>Spark WebUI: <a href=\"http://hn1-sparkl.mr4j4d01t10eze0zglhwhtug2f.bx.internal.cloudapp.net:8088/proxy/application_1615908427205_0005/\">http://hn1-sparkl.mr4j4d01t10eze0zglhwhtug2f.bx.internal.cloudapp.net:8088/proxy/application_1615908427205_0005/</a>"}]}},{"text":"%sql\n\nUSE awproject","user":"anonymous","dateUpdated":"2021-03-16T20:10:01+0000","config":{"colWidth":10,"fontSize":9,"enabled":true,"results":{"0":{"graph":{"mode":"table","height":88,"optionOpen":false,"setting":{"table":{"tableGridState":{},"tableColumnTypeState":{"names":{}},"tableOptionSpecHash":"[{\"name\":\"useFilter\",\"valueType\":\"boolean\",\"defaultValue\":false,\"widget\":\"checkbox\",\"description\":\"Enable filter for columns\"},{\"name\":\"showPagination\",\"valueType\":\"boolean\",\"defaultValue\":false,\"widget\":\"checkbox\",\"description\":\"Enable pagination for better navigation\"},{\"name\":\"showAggregationFooter\",\"valueType\":\"boolean\",\"defaultValue\":false,\"widget\":\"checkbox\",\"description\":\"Enable a footer for displaying aggregated values\"}]","tableOptionValue":{"useFilter":false,"showPagination":false,"showAggregationFooter":false},"updated":false,"initialized":false}},"commonSetting":{}}}},"editorSetting":{"language":"sql","editOnDblClick":false,"completionKey":"TAB","completionSupport":true},"editorMode":"ace/mode/sql","editorHide":false},"settings":{"params":{},"forms":{}},"apps":[],"jobName":"paragraph_1615913009426_-235189652","id":"20210316-164329_1548531316","dateCreated":"2021-03-16T16:43:29+0000","dateStarted":"2021-03-16T20:10:01+0000","dateFinished":"2021-03-16T20:10:02+0000","status":"FINISHED","progressUpdateIntervalMs":500,"$$hashKey":"object:26539","results":{"code":"SUCCESS","msg":[{"type":"TABLE","data":""},{"type":"HTML","data":"<hr/>Spark Application Id: application_1615908427205_0005<br/>Spark WebUI: <a href=\"http://hn1-sparkl.mr4j4d01t10eze0zglhwhtug2f.bx.internal.cloudapp.net:8088/proxy/application_1615908427205_0005/\">http://hn1-sparkl.mr4j4d01t10eze0zglhwhtug2f.bx.internal.cloudapp.net:8088/proxy/application_1615908427205_0005/</a>"}]}},{"text":"%md\n\n#### Note:  You MUST include the forward slash, /, before the file name if the file is in the current folder.\n","user":"anonymous","dateUpdated":"2021-03-16T19:55:31+0000","config":{"colWidth":12,"fontSize":9,"enabled":true,"results":{},"editorSetting":{"language":"markdown","editOnDblClick":true,"completionKey":"TAB","completionSupport":false},"editorMode":"ace/mode/markdown","editorHide":true,"tableHide":false},"settings":{"params":{},"forms":{}},"apps":[],"jobName":"paragraph_1615913013177_1777965235","id":"20210316-164333_331371714","dateCreated":"2021-03-16T16:43:33+0000","dateStarted":"2021-03-16T19:55:31+0000","dateFinished":"2021-03-16T19:55:31+0000","status":"FINISHED","progressUpdateIntervalMs":500,"$$hashKey":"object:26540","results":{"code":"SUCCESS","msg":[{"type":"HTML","data":"<h4>Note:  You MUST include the forward slash, /, before the file name if the file is in the current folder.</h4>\n"}]}},{"text":"%sql\n\nCREATE TABLE IF NOT EXISTS dimdate USING CSV \nOPTIONS (path \"/DimDate.csv\", header \"true\", inferSchema=\"true\")\n","user":"anonymous","dateUpdated":"2021-03-16T20:10:39+0000","config":{"editorSetting":{"language":"sql","editOnDblClick":false,"completionKey":"TAB","completionSupport":true},"colWidth":12,"editorMode":"ace/mode/sql","fontSize":9,"results":{"0":{"graph":{"mode":"table","height":94,"optionOpen":false,"setting":{"table":{"tableGridState":{},"tableColumnTypeState":{"names":{}},"tableOptionSpecHash":"[{\"name\":\"useFilter\",\"valueType\":\"boolean\",\"defaultValue\":false,\"widget\":\"checkbox\",\"description\":\"Enable filter for columns\"},{\"name\":\"showPagination\",\"valueType\":\"boolean\",\"defaultValue\":false,\"widget\":\"checkbox\",\"description\":\"Enable pagination for better navigation\"},{\"name\":\"showAggregationFooter\",\"valueType\":\"boolean\",\"defaultValue\":false,\"widget\":\"checkbox\",\"description\":\"Enable a footer for displaying aggregated values\"}]","tableOptionValue":{"useFilter":false,"showPagination":false,"showAggregationFooter":false},"updated":false,"initialized":false}},"commonSetting":{}}}},"enabled":true,"tableHide":true,"editorHide":false},"settings":{"params":{},"forms":{}},"apps":[],"jobName":"paragraph_1615912927141_2089192036","id":"20210314-011728_1621474949","dateCreated":"2021-03-16T16:42:07+0000","dateStarted":"2021-03-16T20:10:40+0000","dateFinished":"2021-03-16T20:10:41+0000","status":"FINISHED","progressUpdateIntervalMs":500,"$$hashKey":"object:26541","results":{"code":"SUCCESS","msg":[{"type":"TABLE","data":""},{"type":"HTML","data":"<hr/>Spark Application Id: application_1615908427205_0005<br/>Spark WebUI: <a href=\"http://hn1-sparkl.mr4j4d01t10eze0zglhwhtug2f.bx.internal.cloudapp.net:8088/proxy/application_1615908427205_0005/\">http://hn1-sparkl.mr4j4d01t10eze0zglhwhtug2f.bx.internal.cloudapp.net:8088/proxy/application_1615908427205_0005/</a>"}]}},{"text":"%sql\n\nselect * from dimdate limit 3","user":"anonymous","dateUpdated":"2021-03-16T20:12:54+0000","config":{"editorSetting":{"language":"sql","editOnDblClick":false,"completionKey":"TAB","completionSupport":true},"colWidth":12,"editorMode":"ace/mode/sql","fontSize":9,"results":{"0":{"graph":{"mode":"table","height":194,"optionOpen":false,"setting":{"table":{"tableGridState":{},"tableColumnTypeState":{"names":{"DateKey":"string","FullDateAlternateKey":"string","DayNumberOfWeek":"string","EnglishDayNameOfWeek":"string","SpanishDayNameOfWeek":"string","FrenchDayNameOfWeek":"string","DayNumberOfMonth":"string","DayNumberOfYear":"string","WeekNumberOfYear":"string","EnglishMonthName":"string","SpanishMonthName":"string","FrenchMonthName":"string","MonthNumberOfYear":"string","CalendarQuarter":"string","CalendarYear":"string","CalendarSemester":"string","FiscalQuarter":"string","FiscalYear":"string","FiscalSemester":"string"},"updated":false},"tableOptionSpecHash":"[{\"name\":\"useFilter\",\"valueType\":\"boolean\",\"defaultValue\":false,\"widget\":\"checkbox\",\"description\":\"Enable filter for columns\"},{\"name\":\"showPagination\",\"valueType\":\"boolean\",\"defaultValue\":false,\"widget\":\"checkbox\",\"description\":\"Enable pagination for better navigation\"},{\"name\":\"showAggregationFooter\",\"valueType\":\"boolean\",\"defaultValue\":false,\"widget\":\"checkbox\",\"description\":\"Enable a footer for displaying aggregated values\"}]","tableOptionValue":{"useFilter":false,"showPagination":false,"showAggregationFooter":false},"updated":false,"initialized":false}},"commonSetting":{}}}},"enabled":true,"editorHide":false},"settings":{"params":{},"forms":{}},"apps":[],"jobName":"paragraph_1615912927141_-62474291","id":"20210314-011941_1646736974","dateCreated":"2021-03-16T16:42:07+0000","dateStarted":"2021-03-16T20:12:54+0000","dateFinished":"2021-03-16T20:12:57+0000","status":"FINISHED","progressUpdateIntervalMs":500,"$$hashKey":"object:26542","results":{"code":"SUCCESS","msg":[{"type":"TABLE","data":"DateKey\tFullDateAlternateKey\tDayNumberOfWeek\tEnglishDayNameOfWeek\tSpanishDayNameOfWeek\tFrenchDayNameOfWeek\tDayNumberOfMonth\tDayNumberOfYear\tWeekNumberOfYear\tEnglishMonthName\tSpanishMonthName\tFrenchMonthName\tMonthNumberOfYear\tCalendarQuarter\tCalendarYear\tCalendarSemester\tFiscalQuarter\tFiscalYear\tFiscalSemester\n20050101\t2005-01-01 00:00:00\t7\tSaturday\tS\\u00E1bado\tSamedi\t1\t1\t1\tJanuary\tEnero\tJanvier\t1\t1\t2005\t1\t3\t2005\t2\n20050102\t2005-01-02 00:00:00\t1\tSunday\tDomingo\tDimanche\t2\t2\t2\tJanuary\tEnero\tJanvier\t1\t1\t2005\t1\t3\t2005\t2\n20050103\t2005-01-03 00:00:00\t2\tMonday\tLunes\tLundi\t3\t3\t2\tJanuary\tEnero\tJanvier\t1\t1\t2005\t1\t3\t2005\t2"},{"type":"HTML","data":"<hr/>Spark Application Id: application_1615908427205_0005<br/>Spark WebUI: <a href=\"http://hn1-sparkl.mr4j4d01t10eze0zglhwhtug2f.bx.internal.cloudapp.net:8088/proxy/application_1615908427205_0005/\">http://hn1-sparkl.mr4j4d01t10eze0zglhwhtug2f.bx.internal.cloudapp.net:8088/proxy/application_1615908427205_0005/</a>"}]}},{"text":"%sql\n\nDROP TABLE IF EXISTS dimsalesreason","user":"anonymous","dateUpdated":"2021-03-16T20:13:50+0000","config":{"editorSetting":{"language":"sql","editOnDblClick":false,"completionKey":"TAB","completionSupport":true},"colWidth":12,"editorMode":"ace/mode/sql","fontSize":9,"results":{"0":{"graph":{"mode":"table","height":88,"optionOpen":false,"setting":{"table":{"tableGridState":{},"tableColumnTypeState":{"names":{}},"tableOptionSpecHash":"[{\"name\":\"useFilter\",\"valueType\":\"boolean\",\"defaultValue\":false,\"widget\":\"checkbox\",\"description\":\"Enable filter for columns\"},{\"name\":\"showPagination\",\"valueType\":\"boolean\",\"defaultValue\":false,\"widget\":\"checkbox\",\"description\":\"Enable pagination for better navigation\"},{\"name\":\"showAggregationFooter\",\"valueType\":\"boolean\",\"defaultValue\":false,\"widget\":\"checkbox\",\"description\":\"Enable a footer for displaying aggregated values\"}]","tableOptionValue":{"useFilter":false,"showPagination":false,"showAggregationFooter":false},"updated":false,"initialized":false}},"commonSetting":{}}}},"enabled":true,"editorHide":false},"settings":{"params":{},"forms":{}},"apps":[],"jobName":"paragraph_1615912927142_749877838","id":"20210313-213724_875292040","dateCreated":"2021-03-16T16:42:07+0000","dateStarted":"2021-03-16T20:13:50+0000","dateFinished":"2021-03-16T20:13:52+0000","status":"FINISHED","progressUpdateIntervalMs":500,"$$hashKey":"object:26543","results":{"code":"SUCCESS","msg":[{"type":"TABLE","data":""},{"type":"HTML","data":"<hr/>Spark Application Id: application_1615908427205_0005<br/>Spark WebUI: <a href=\"http://hn1-sparkl.mr4j4d01t10eze0zglhwhtug2f.bx.internal.cloudapp.net:8088/proxy/application_1615908427205_0005/\">http://hn1-sparkl.mr4j4d01t10eze0zglhwhtug2f.bx.internal.cloudapp.net:8088/proxy/application_1615908427205_0005/</a>"}]}},{"text":"%sql\n\nCREATE TABLE dimsalesreason (SalesReasonKey int,SalesReasonAlternateKey int,SalesReasonName string ,SalesReasonReasonType string) \nUSING CSV \nOPTIONS (path \"/DimSalesReason.csv\", header \"true\", inferSchema \"true\")\n","user":"anonymous","dateUpdated":"2021-03-16T20:14:14+0000","config":{"editorSetting":{"language":"sql","editOnDblClick":false,"completionKey":"TAB","completionSupport":true},"colWidth":12,"editorMode":"ace/mode/sql","fontSize":9,"results":{"0":{"graph":{"mode":"table","height":104,"optionOpen":false,"setting":{"table":{"tableGridState":{},"tableColumnTypeState":{"names":{}},"tableOptionSpecHash":"[{\"name\":\"useFilter\",\"valueType\":\"boolean\",\"defaultValue\":false,\"widget\":\"checkbox\",\"description\":\"Enable filter for columns\"},{\"name\":\"showPagination\",\"valueType\":\"boolean\",\"defaultValue\":false,\"widget\":\"checkbox\",\"description\":\"Enable pagination for better navigation\"},{\"name\":\"showAggregationFooter\",\"valueType\":\"boolean\",\"defaultValue\":false,\"widget\":\"checkbox\",\"description\":\"Enable a footer for displaying aggregated values\"}]","tableOptionValue":{"useFilter":false,"showPagination":false,"showAggregationFooter":false},"updated":false,"initialized":false}},"commonSetting":{}}}},"enabled":true,"editorHide":false},"settings":{"params":{},"forms":{}},"apps":[],"jobName":"paragraph_1615912927142_-1887921656","id":"20210313-221925_2129560749","dateCreated":"2021-03-16T16:42:07+0000","dateStarted":"2021-03-16T20:14:14+0000","dateFinished":"2021-03-16T20:14:16+0000","status":"FINISHED","progressUpdateIntervalMs":500,"$$hashKey":"object:26544","results":{"code":"SUCCESS","msg":[{"type":"TABLE","data":""},{"type":"HTML","data":"<hr/>Spark Application Id: application_1615908427205_0005<br/>Spark WebUI: <a href=\"http://hn1-sparkl.mr4j4d01t10eze0zglhwhtug2f.bx.internal.cloudapp.net:8088/proxy/application_1615908427205_0005/\">http://hn1-sparkl.mr4j4d01t10eze0zglhwhtug2f.bx.internal.cloudapp.net:8088/proxy/application_1615908427205_0005/</a>"}]}},{"text":"%sql\n\nCREATE TABLE IF NOT EXISTS dimsalesreason USING CSV \nOPTIONS (path \"/DimSalesReason.csv\", header \"true\", inferSchema=\"true\")","user":"anonymous","dateUpdated":"2021-03-16T20:14:35+0000","config":{"editorSetting":{"language":"sql","editOnDblClick":false,"completionKey":"TAB","completionSupport":true},"colWidth":12,"editorMode":"ace/mode/sql","fontSize":9,"results":{"0":{"graph":{"mode":"table","height":84,"optionOpen":false,"setting":{"table":{"tableGridState":{},"tableColumnTypeState":{"names":{}},"tableOptionSpecHash":"[{\"name\":\"useFilter\",\"valueType\":\"boolean\",\"defaultValue\":false,\"widget\":\"checkbox\",\"description\":\"Enable filter for columns\"},{\"name\":\"showPagination\",\"valueType\":\"boolean\",\"defaultValue\":false,\"widget\":\"checkbox\",\"description\":\"Enable pagination for better navigation\"},{\"name\":\"showAggregationFooter\",\"valueType\":\"boolean\",\"defaultValue\":false,\"widget\":\"checkbox\",\"description\":\"Enable a footer for displaying aggregated values\"}]","tableOptionValue":{"useFilter":false,"showPagination":false,"showAggregationFooter":false},"updated":false,"initialized":false}},"commonSetting":{}}}},"enabled":true,"editorHide":false},"settings":{"params":{},"forms":{}},"apps":[],"jobName":"paragraph_1615912927144_1661857692","id":"20210314-012432_370671405","dateCreated":"2021-03-16T16:42:07+0000","dateStarted":"2021-03-16T20:14:35+0000","dateFinished":"2021-03-16T20:14:36+0000","status":"FINISHED","progressUpdateIntervalMs":500,"$$hashKey":"object:26545","results":{"code":"SUCCESS","msg":[{"type":"TABLE","data":""},{"type":"HTML","data":"<hr/>Spark Application Id: application_1615908427205_0005<br/>Spark WebUI: <a href=\"http://hn1-sparkl.mr4j4d01t10eze0zglhwhtug2f.bx.internal.cloudapp.net:8088/proxy/application_1615908427205_0005/\">http://hn1-sparkl.mr4j4d01t10eze0zglhwhtug2f.bx.internal.cloudapp.net:8088/proxy/application_1615908427205_0005/</a>"}]}},{"text":"%sql\n\nselect * from dimsalesreason limit 1","user":"anonymous","dateUpdated":"2021-03-16T20:14:40+0000","config":{"editorSetting":{"language":"sql","editOnDblClick":false,"completionKey":"TAB","completionSupport":true},"colWidth":12,"editorMode":"ace/mode/sql","fontSize":9,"results":{"0":{"graph":{"mode":"table","height":134,"optionOpen":false,"setting":{"table":{"tableGridState":{},"tableColumnTypeState":{"names":{"SalesReasonKey":"string","SalesReasonAlternateKey":"string","SalesReasonName":"string","SalesReasonReasonType":"string"},"updated":false},"tableOptionSpecHash":"[{\"name\":\"useFilter\",\"valueType\":\"boolean\",\"defaultValue\":false,\"widget\":\"checkbox\",\"description\":\"Enable filter for columns\"},{\"name\":\"showPagination\",\"valueType\":\"boolean\",\"defaultValue\":false,\"widget\":\"checkbox\",\"description\":\"Enable pagination for better navigation\"},{\"name\":\"showAggregationFooter\",\"valueType\":\"boolean\",\"defaultValue\":false,\"widget\":\"checkbox\",\"description\":\"Enable a footer for displaying aggregated values\"}]","tableOptionValue":{"useFilter":false,"showPagination":false,"showAggregationFooter":false},"updated":false,"initialized":false}},"commonSetting":{}}}},"enabled":true,"editorHide":false},"settings":{"params":{},"forms":{}},"apps":[],"jobName":"paragraph_1615912927145_-194922960","id":"20210314-012507_361940291","dateCreated":"2021-03-16T16:42:07+0000","dateStarted":"2021-03-16T20:14:40+0000","dateFinished":"2021-03-16T20:14:42+0000","status":"FINISHED","progressUpdateIntervalMs":500,"$$hashKey":"object:26546","results":{"code":"SUCCESS","msg":[{"type":"TABLE","data":"SalesReasonKey\tSalesReasonAlternateKey\tSalesReasonName\tSalesReasonReasonType\n1\t1\tPrice\tOther"},{"type":"HTML","data":"<hr/>Spark Application Id: application_1615908427205_0005<br/>Spark WebUI: <a href=\"http://hn1-sparkl.mr4j4d01t10eze0zglhwhtug2f.bx.internal.cloudapp.net:8088/proxy/application_1615908427205_0005/\">http://hn1-sparkl.mr4j4d01t10eze0zglhwhtug2f.bx.internal.cloudapp.net:8088/proxy/application_1615908427205_0005/</a>"}]}},{"text":"%sql\n\nCREATE TABLE IF NOT EXISTS dimcustomer USING CSV \nOPTIONS (path \"/DimCustomer.csv\", header \"true\", inferSchema=\"true\")","user":"anonymous","dateUpdated":"2021-03-16T20:14:54+0000","config":{"colWidth":12,"fontSize":9,"enabled":true,"results":{"0":{"graph":{"mode":"table","height":104,"optionOpen":false,"setting":{"table":{"tableGridState":{},"tableColumnTypeState":{"names":{}},"tableOptionSpecHash":"[{\"name\":\"useFilter\",\"valueType\":\"boolean\",\"defaultValue\":false,\"widget\":\"checkbox\",\"description\":\"Enable filter for columns\"},{\"name\":\"showPagination\",\"valueType\":\"boolean\",\"defaultValue\":false,\"widget\":\"checkbox\",\"description\":\"Enable pagination for better navigation\"},{\"name\":\"showAggregationFooter\",\"valueType\":\"boolean\",\"defaultValue\":false,\"widget\":\"checkbox\",\"description\":\"Enable a footer for displaying aggregated values\"}]","tableOptionValue":{"useFilter":false,"showPagination":false,"showAggregationFooter":false},"updated":false,"initialized":false}},"commonSetting":{}}}},"editorSetting":{"language":"sql","editOnDblClick":false,"completionKey":"TAB","completionSupport":true},"editorMode":"ace/mode/sql","editorHide":false},"settings":{"params":{},"forms":{}},"apps":[],"jobName":"paragraph_1615913881844_-1999462366","id":"20210316-165801_1998042452","dateCreated":"2021-03-16T16:58:01+0000","dateStarted":"2021-03-16T20:14:54+0000","dateFinished":"2021-03-16T20:14:55+0000","status":"FINISHED","progressUpdateIntervalMs":500,"$$hashKey":"object:26547","results":{"code":"SUCCESS","msg":[{"type":"TABLE","data":""},{"type":"HTML","data":"<hr/>Spark Application Id: application_1615908427205_0005<br/>Spark WebUI: <a href=\"http://hn1-sparkl.mr4j4d01t10eze0zglhwhtug2f.bx.internal.cloudapp.net:8088/proxy/application_1615908427205_0005/\">http://hn1-sparkl.mr4j4d01t10eze0zglhwhtug2f.bx.internal.cloudapp.net:8088/proxy/application_1615908427205_0005/</a>"}]}},{"text":"%sql\n\nCREATE TABLE IF NOT EXISTS dimgeography USING CSV \nOPTIONS (path \"/DimGeography.csv\", header \"true\", inferSchema=\"true\")","user":"anonymous","dateUpdated":"2021-03-16T20:15:20+0000","config":{"editorSetting":{"language":"sql","editOnDblClick":false,"completionKey":"TAB","completionSupport":true},"colWidth":12,"editorMode":"ace/mode/sql","fontSize":9,"results":{"0":{"graph":{"mode":"table","height":88,"optionOpen":false,"setting":{"table":{"tableGridState":{},"tableColumnTypeState":{"names":{}},"tableOptionSpecHash":"[{\"name\":\"useFilter\",\"valueType\":\"boolean\",\"defaultValue\":false,\"widget\":\"checkbox\",\"description\":\"Enable filter for columns\"},{\"name\":\"showPagination\",\"valueType\":\"boolean\",\"defaultValue\":false,\"widget\":\"checkbox\",\"description\":\"Enable pagination for better navigation\"},{\"name\":\"showAggregationFooter\",\"valueType\":\"boolean\",\"defaultValue\":false,\"widget\":\"checkbox\",\"description\":\"Enable a footer for displaying aggregated values\"}]","tableOptionValue":{"useFilter":false,"showPagination":false,"showAggregationFooter":false},"updated":false,"initialized":false}},"commonSetting":{}}},"1":{"graph":{"mode":"table","height":70,"optionOpen":false}}},"enabled":true,"editorHide":false},"settings":{"params":{},"forms":{}},"apps":[],"jobName":"paragraph_1615912927147_-1864629146","id":"20210314-005851_7588979","dateCreated":"2021-03-16T16:42:07+0000","dateStarted":"2021-03-16T20:15:21+0000","dateFinished":"2021-03-16T20:15:22+0000","status":"FINISHED","progressUpdateIntervalMs":500,"$$hashKey":"object:26548","results":{"code":"SUCCESS","msg":[{"type":"TABLE","data":""},{"type":"HTML","data":"<hr/>Spark Application Id: application_1615908427205_0005<br/>Spark WebUI: <a href=\"http://hn1-sparkl.mr4j4d01t10eze0zglhwhtug2f.bx.internal.cloudapp.net:8088/proxy/application_1615908427205_0005/\">http://hn1-sparkl.mr4j4d01t10eze0zglhwhtug2f.bx.internal.cloudapp.net:8088/proxy/application_1615908427205_0005/</a>"}]}},{"text":"%sql\n\nCREATE TABLE IF NOT EXISTS dimproduct \nUSING CSV \nOPTIONS (path \"/DimProduct.csv\", header \"true\", inferSchema=\"true\")","user":"anonymous","dateUpdated":"2021-03-16T20:15:26+0000","config":{"colWidth":12,"fontSize":9,"enabled":true,"results":{"0":{"graph":{"mode":"table","height":88,"optionOpen":false,"setting":{"table":{"tableGridState":{},"tableColumnTypeState":{"names":{}},"tableOptionSpecHash":"[{\"name\":\"useFilter\",\"valueType\":\"boolean\",\"defaultValue\":false,\"widget\":\"checkbox\",\"description\":\"Enable filter for columns\"},{\"name\":\"showPagination\",\"valueType\":\"boolean\",\"defaultValue\":false,\"widget\":\"checkbox\",\"description\":\"Enable pagination for better navigation\"},{\"name\":\"showAggregationFooter\",\"valueType\":\"boolean\",\"defaultValue\":false,\"widget\":\"checkbox\",\"description\":\"Enable a footer for displaying aggregated values\"}]","tableOptionValue":{"useFilter":false,"showPagination":false,"showAggregationFooter":false},"updated":false,"initialized":false}},"commonSetting":{}}}},"editorSetting":{"language":"sql","editOnDblClick":false,"completionKey":"TAB","completionSupport":true},"editorMode":"ace/mode/sql","editorHide":false},"settings":{"params":{},"forms":{}},"apps":[],"jobName":"paragraph_1615914119509_-1788481415","id":"20210316-170159_1975528991","dateCreated":"2021-03-16T17:01:59+0000","dateStarted":"2021-03-16T20:15:26+0000","dateFinished":"2021-03-16T20:15:27+0000","status":"FINISHED","progressUpdateIntervalMs":500,"$$hashKey":"object:26549","results":{"code":"SUCCESS","msg":[{"type":"TABLE","data":""},{"type":"HTML","data":"<hr/>Spark Application Id: application_1615908427205_0005<br/>Spark WebUI: <a href=\"http://hn1-sparkl.mr4j4d01t10eze0zglhwhtug2f.bx.internal.cloudapp.net:8088/proxy/application_1615908427205_0005/\">http://hn1-sparkl.mr4j4d01t10eze0zglhwhtug2f.bx.internal.cloudapp.net:8088/proxy/application_1615908427205_0005/</a>"}]}},{"text":"%sql\n\nCREATE TABLE IF NOT EXISTS dimproductsubcategory \nUSING CSV \nOPTIONS (path \"/DimProductSubcategory.csv\", header \"true\", inferSchema=\"true\")\n","user":"anonymous","dateUpdated":"2021-03-16T20:15:30+0000","config":{"colWidth":12,"fontSize":9,"enabled":true,"results":{"0":{"graph":{"mode":"table","height":94,"optionOpen":false,"setting":{"table":{"tableGridState":{},"tableColumnTypeState":{"names":{}},"tableOptionSpecHash":"[{\"name\":\"useFilter\",\"valueType\":\"boolean\",\"defaultValue\":false,\"widget\":\"checkbox\",\"description\":\"Enable filter for columns\"},{\"name\":\"showPagination\",\"valueType\":\"boolean\",\"defaultValue\":false,\"widget\":\"checkbox\",\"description\":\"Enable pagination for better navigation\"},{\"name\":\"showAggregationFooter\",\"valueType\":\"boolean\",\"defaultValue\":false,\"widget\":\"checkbox\",\"description\":\"Enable a footer for displaying aggregated values\"}]","tableOptionValue":{"useFilter":false,"showPagination":false,"showAggregationFooter":false},"updated":false,"initialized":false}},"commonSetting":{}}}},"editorSetting":{"language":"sql","editOnDblClick":false,"completionKey":"TAB","completionSupport":true},"editorMode":"ace/mode/sql","editorHide":false},"settings":{"params":{},"forms":{}},"apps":[],"jobName":"paragraph_1615914234858_125496008","id":"20210316-170354_315148530","dateCreated":"2021-03-16T17:03:54+0000","dateStarted":"2021-03-16T20:15:30+0000","dateFinished":"2021-03-16T20:15:31+0000","status":"FINISHED","progressUpdateIntervalMs":500,"$$hashKey":"object:26550","results":{"code":"SUCCESS","msg":[{"type":"TABLE","data":""},{"type":"HTML","data":"<hr/>Spark Application Id: application_1615908427205_0005<br/>Spark WebUI: <a href=\"http://hn1-sparkl.mr4j4d01t10eze0zglhwhtug2f.bx.internal.cloudapp.net:8088/proxy/application_1615908427205_0005/\">http://hn1-sparkl.mr4j4d01t10eze0zglhwhtug2f.bx.internal.cloudapp.net:8088/proxy/application_1615908427205_0005/</a>"}]}},{"text":"%sql\n\nCREATE TABLE IF NOT EXISTS dimproductcategory \nUSING CSV \nOPTIONS (path \"/DimProductCategory.csv\", header \"true\", inferSchema=\"true\")","user":"anonymous","dateUpdated":"2021-03-16T20:15:35+0000","config":{"colWidth":10,"fontSize":9,"enabled":true,"results":{"0":{"graph":{"mode":"table","height":92,"optionOpen":false,"setting":{"table":{"tableGridState":{},"tableColumnTypeState":{"names":{}},"tableOptionSpecHash":"[{\"name\":\"useFilter\",\"valueType\":\"boolean\",\"defaultValue\":false,\"widget\":\"checkbox\",\"description\":\"Enable filter for columns\"},{\"name\":\"showPagination\",\"valueType\":\"boolean\",\"defaultValue\":false,\"widget\":\"checkbox\",\"description\":\"Enable pagination for better navigation\"},{\"name\":\"showAggregationFooter\",\"valueType\":\"boolean\",\"defaultValue\":false,\"widget\":\"checkbox\",\"description\":\"Enable a footer for displaying aggregated values\"}]","tableOptionValue":{"useFilter":false,"showPagination":false,"showAggregationFooter":false},"updated":false,"initialized":false}},"commonSetting":{}}}},"editorSetting":{"language":"sql","editOnDblClick":false,"completionKey":"TAB","completionSupport":true},"editorMode":"ace/mode/sql","editorHide":false},"settings":{"params":{},"forms":{}},"apps":[],"jobName":"paragraph_1615914190851_-1139681899","id":"20210316-170310_767148373","dateCreated":"2021-03-16T17:03:10+0000","dateStarted":"2021-03-16T20:15:35+0000","dateFinished":"2021-03-16T20:15:36+0000","status":"FINISHED","progressUpdateIntervalMs":500,"$$hashKey":"object:26551","results":{"code":"SUCCESS","msg":[{"type":"TABLE","data":""},{"type":"HTML","data":"<hr/>Spark Application Id: application_1615908427205_0005<br/>Spark WebUI: <a href=\"http://hn1-sparkl.mr4j4d01t10eze0zglhwhtug2f.bx.internal.cloudapp.net:8088/proxy/application_1615908427205_0005/\">http://hn1-sparkl.mr4j4d01t10eze0zglhwhtug2f.bx.internal.cloudapp.net:8088/proxy/application_1615908427205_0005/</a>"}]}},{"text":"%sql\n\nCREATE TABLE IF NOT EXISTS dimsalesreason \nUSING CSV \nOPTIONS (path \"/DimSalesReason.csv\", header \"true\", inferSchema=\"true\")","user":"anonymous","dateUpdated":"2021-03-16T20:15:45+0000","config":{"colWidth":12,"fontSize":9,"enabled":true,"results":{"0":{"graph":{"mode":"table","height":84,"optionOpen":false,"setting":{"table":{"tableGridState":{},"tableColumnTypeState":{"names":{}},"tableOptionSpecHash":"[{\"name\":\"useFilter\",\"valueType\":\"boolean\",\"defaultValue\":false,\"widget\":\"checkbox\",\"description\":\"Enable filter for columns\"},{\"name\":\"showPagination\",\"valueType\":\"boolean\",\"defaultValue\":false,\"widget\":\"checkbox\",\"description\":\"Enable pagination for better navigation\"},{\"name\":\"showAggregationFooter\",\"valueType\":\"boolean\",\"defaultValue\":false,\"widget\":\"checkbox\",\"description\":\"Enable a footer for displaying aggregated values\"}]","tableOptionValue":{"useFilter":false,"showPagination":false,"showAggregationFooter":false},"updated":false,"initialized":false}},"commonSetting":{}}}},"editorSetting":{"language":"sql","editOnDblClick":false,"completionKey":"TAB","completionSupport":true},"editorMode":"ace/mode/sql","editorHide":false},"settings":{"params":{},"forms":{}},"apps":[],"jobName":"paragraph_1615914395813_-815824204","id":"20210316-170635_774250454","dateCreated":"2021-03-16T17:06:35+0000","dateStarted":"2021-03-16T20:15:46+0000","dateFinished":"2021-03-16T20:15:47+0000","status":"FINISHED","progressUpdateIntervalMs":500,"$$hashKey":"object:26552","results":{"code":"SUCCESS","msg":[{"type":"TABLE","data":""},{"type":"HTML","data":"<hr/>Spark Application Id: application_1615908427205_0005<br/>Spark WebUI: <a href=\"http://hn1-sparkl.mr4j4d01t10eze0zglhwhtug2f.bx.internal.cloudapp.net:8088/proxy/application_1615908427205_0005/\">http://hn1-sparkl.mr4j4d01t10eze0zglhwhtug2f.bx.internal.cloudapp.net:8088/proxy/application_1615908427205_0005/</a>"}]}},{"text":"%sql\n\nCREATE TABLE IF NOT EXISTS dimsalesterritory \nUSING CSV \nOPTIONS (path \"/DimSalesTerritory.csv\", header \"true\", inferSchema=\"true\")\n\n","user":"anonymous","dateUpdated":"2021-03-16T20:15:50+0000","config":{"editorSetting":{"language":"sql","editOnDblClick":false,"completionKey":"TAB","completionSupport":true},"colWidth":12,"editorMode":"ace/mode/sql","fontSize":9,"results":{"0":{"graph":{"mode":"table","height":94,"optionOpen":false,"setting":{"table":{"tableGridState":{},"tableColumnTypeState":{"names":{},"updated":false},"tableOptionSpecHash":"[{\"name\":\"useFilter\",\"valueType\":\"boolean\",\"defaultValue\":false,\"widget\":\"checkbox\",\"description\":\"Enable filter for columns\"},{\"name\":\"showPagination\",\"valueType\":\"boolean\",\"defaultValue\":false,\"widget\":\"checkbox\",\"description\":\"Enable pagination for better navigation\"},{\"name\":\"showAggregationFooter\",\"valueType\":\"boolean\",\"defaultValue\":false,\"widget\":\"checkbox\",\"description\":\"Enable a footer for displaying aggregated values\"}]","tableOptionValue":{"useFilter":false,"showPagination":false,"showAggregationFooter":false},"updated":false,"initialized":false}},"commonSetting":{}}}},"enabled":true,"editorHide":false},"settings":{"params":{},"forms":{}},"apps":[],"jobName":"paragraph_1615912927148_-881462372","id":"20210314-005912_739222165","dateCreated":"2021-03-16T16:42:07+0000","dateStarted":"2021-03-16T20:15:50+0000","dateFinished":"2021-03-16T20:15:52+0000","status":"FINISHED","progressUpdateIntervalMs":500,"$$hashKey":"object:26553","results":{"code":"SUCCESS","msg":[{"type":"TABLE","data":""},{"type":"HTML","data":"<hr/>Spark Application Id: application_1615908427205_0005<br/>Spark WebUI: <a href=\"http://hn1-sparkl.mr4j4d01t10eze0zglhwhtug2f.bx.internal.cloudapp.net:8088/proxy/application_1615908427205_0005/\">http://hn1-sparkl.mr4j4d01t10eze0zglhwhtug2f.bx.internal.cloudapp.net:8088/proxy/application_1615908427205_0005/</a>"}]}},{"text":"%sql\n\nCREATE TABLE IF NOT EXISTS factinternetsales USING CSV \nOPTIONS (path \"/FactInternetSales.csv\", header \"true\", inferSchema=\"true\")","user":"anonymous","dateUpdated":"2021-03-16T20:16:04+0000","config":{"colWidth":12,"fontSize":9,"enabled":true,"results":{"0":{"graph":{"mode":"table","height":94,"optionOpen":false,"setting":{"table":{"tableGridState":{},"tableColumnTypeState":{"names":{}},"tableOptionSpecHash":"[{\"name\":\"useFilter\",\"valueType\":\"boolean\",\"defaultValue\":false,\"widget\":\"checkbox\",\"description\":\"Enable filter for columns\"},{\"name\":\"showPagination\",\"valueType\":\"boolean\",\"defaultValue\":false,\"widget\":\"checkbox\",\"description\":\"Enable pagination for better navigation\"},{\"name\":\"showAggregationFooter\",\"valueType\":\"boolean\",\"defaultValue\":false,\"widget\":\"checkbox\",\"description\":\"Enable a footer for displaying aggregated values\"}]","tableOptionValue":{"useFilter":false,"showPagination":false,"showAggregationFooter":false},"updated":false,"initialized":false}},"commonSetting":{}}}},"editorSetting":{"language":"sql","editOnDblClick":false,"completionKey":"TAB","completionSupport":true},"editorMode":"ace/mode/sql","editorHide":false},"settings":{"params":{},"forms":{}},"apps":[],"jobName":"paragraph_1615914618229_767213100","id":"20210316-171018_396536441","dateCreated":"2021-03-16T17:10:18+0000","dateStarted":"2021-03-16T20:16:04+0000","dateFinished":"2021-03-16T20:16:05+0000","status":"FINISHED","progressUpdateIntervalMs":500,"$$hashKey":"object:26554","results":{"code":"SUCCESS","msg":[{"type":"TABLE","data":""},{"type":"HTML","data":"<hr/>Spark Application Id: application_1615908427205_0005<br/>Spark WebUI: <a href=\"http://hn1-sparkl.mr4j4d01t10eze0zglhwhtug2f.bx.internal.cloudapp.net:8088/proxy/application_1615908427205_0005/\">http://hn1-sparkl.mr4j4d01t10eze0zglhwhtug2f.bx.internal.cloudapp.net:8088/proxy/application_1615908427205_0005/</a>"}]}},{"text":"%sql\n\nselect * from factinternetsales limit 2","user":"anonymous","dateUpdated":"2021-03-16T20:16:09+0000","config":{"colWidth":12,"fontSize":9,"enabled":true,"results":{"0":{"graph":{"mode":"table","height":144,"optionOpen":false,"setting":{"table":{"tableGridState":{},"tableColumnTypeState":{"names":{"ProductKey":"string","OrderDateKey":"string","DueDateKey":"string","ShipDateKey":"string","CustomerKey":"string","PromotionKey":"string","CurrencyKey":"string","SalesTerritoryKey":"string","SalesOrderNumber":"string","SalesOrderLineNumber":"string","RevisionNumber":"string","OrderQuantity":"string","UnitPrice":"string","ExtendedAmount":"string","UnitPriceDiscountPct":"string","DiscountAmount":"string","ProductStandardCost":"string","TotalProductCost":"string","SalesAmount":"string","TaxAmt":"string","Freight":"string","CarrierTrackingNumber":"string","CustomerPONumber":"string","OrderDate":"string","DueDate":"string","ShipDate":"string"},"updated":false},"tableOptionSpecHash":"[{\"name\":\"useFilter\",\"valueType\":\"boolean\",\"defaultValue\":false,\"widget\":\"checkbox\",\"description\":\"Enable filter for columns\"},{\"name\":\"showPagination\",\"valueType\":\"boolean\",\"defaultValue\":false,\"widget\":\"checkbox\",\"description\":\"Enable pagination for better navigation\"},{\"name\":\"showAggregationFooter\",\"valueType\":\"boolean\",\"defaultValue\":false,\"widget\":\"checkbox\",\"description\":\"Enable a footer for displaying aggregated values\"}]","tableOptionValue":{"useFilter":false,"showPagination":false,"showAggregationFooter":false},"updated":false,"initialized":false}},"commonSetting":{}}}},"editorSetting":{"language":"sql","editOnDblClick":false,"completionKey":"TAB","completionSupport":true},"editorMode":"ace/mode/sql","editorHide":false},"settings":{"params":{},"forms":{}},"apps":[],"jobName":"paragraph_1615915086772_-1364311310","id":"20210316-171806_241396667","dateCreated":"2021-03-16T17:18:06+0000","dateStarted":"2021-03-16T20:16:09+0000","dateFinished":"2021-03-16T20:16:13+0000","status":"FINISHED","progressUpdateIntervalMs":500,"$$hashKey":"object:26555","results":{"code":"SUCCESS","msg":[{"type":"TABLE","data":"ProductKey\tOrderDateKey\tDueDateKey\tShipDateKey\tCustomerKey\tPromotionKey\tCurrencyKey\tSalesTerritoryKey\tSalesOrderNumber\tSalesOrderLineNumber\tRevisionNumber\tOrderQuantity\tUnitPrice\tExtendedAmount\tUnitPriceDiscountPct\tDiscountAmount\tProductStandardCost\tTotalProductCost\tSalesAmount\tTaxAmt\tFreight\tCarrierTrackingNumber\tCustomerPONumber\tOrderDate\tDueDate\tShipDate\n528\t20130520\t20130601\t20130527\t18325\t1\t6\t9\tSO58292\t1\t1\t1\t4.99\t4.99\t0\t0\t1.8663\t1.8663\t4.99\t0.3992\t0.1248\tNULL\tNULL\t2013-05-20 00:00:00\t2013-06-01 00:00:00\t2013-05-27 00:00:00\n536\t20130520\t20130601\t20130527\t18325\t1\t6\t9\tSO58292\t2\t1\t1\t29.99\t29.99\t0\t0\t11.2163\t11.2163\t29.99\t2.3992\t0.7498\tNULL\tNULL\t2013-05-20 00:00:00\t2013-06-01 00:00:00\t2013-05-27 00:00:00"},{"type":"HTML","data":"<hr/>Spark Application Id: application_1615908427205_0005<br/>Spark WebUI: <a href=\"http://hn1-sparkl.mr4j4d01t10eze0zglhwhtug2f.bx.internal.cloudapp.net:8088/proxy/application_1615908427205_0005/\">http://hn1-sparkl.mr4j4d01t10eze0zglhwhtug2f.bx.internal.cloudapp.net:8088/proxy/application_1615908427205_0005/</a>"}]}},{"text":"%sql\n\nCREATE TABLE IF NOT EXISTS factinternetsalesreason (SalesOrderNumber string, SalesOrderLineNumber int, SalesReasonKey int)\nUSING CSV \nOPTIONS (path \"/FactInternetSalesReason.csv\", header \"false\", inferSchema=\"false\")","user":"anonymous","dateUpdated":"2021-03-16T20:17:06+0000","config":{"colWidth":12,"fontSize":9,"enabled":true,"results":{"0":{"graph":{"mode":"table","height":84,"optionOpen":false,"setting":{"table":{"tableGridState":{},"tableColumnTypeState":{"names":{}},"tableOptionSpecHash":"[{\"name\":\"useFilter\",\"valueType\":\"boolean\",\"defaultValue\":false,\"widget\":\"checkbox\",\"description\":\"Enable filter for columns\"},{\"name\":\"showPagination\",\"valueType\":\"boolean\",\"defaultValue\":false,\"widget\":\"checkbox\",\"description\":\"Enable pagination for better navigation\"},{\"name\":\"showAggregationFooter\",\"valueType\":\"boolean\",\"defaultValue\":false,\"widget\":\"checkbox\",\"description\":\"Enable a footer for displaying aggregated values\"}]","tableOptionValue":{"useFilter":false,"showPagination":false,"showAggregationFooter":false},"updated":false,"initialized":false}},"commonSetting":{}}}},"editorSetting":{"language":"sql","editOnDblClick":false,"completionKey":"TAB","completionSupport":true},"editorMode":"ace/mode/sql","editorHide":false},"settings":{"params":{},"forms":{}},"apps":[],"jobName":"paragraph_1615914666081_142139136","id":"20210316-171106_780149130","dateCreated":"2021-03-16T17:11:06+0000","dateStarted":"2021-03-16T20:17:06+0000","dateFinished":"2021-03-16T20:17:07+0000","status":"FINISHED","progressUpdateIntervalMs":500,"$$hashKey":"object:26556","results":{"code":"SUCCESS","msg":[{"type":"TABLE","data":""},{"type":"HTML","data":"<hr/>Spark Application Id: application_1615908427205_0005<br/>Spark WebUI: <a href=\"http://hn1-sparkl.mr4j4d01t10eze0zglhwhtug2f.bx.internal.cloudapp.net:8088/proxy/application_1615908427205_0005/\">http://hn1-sparkl.mr4j4d01t10eze0zglhwhtug2f.bx.internal.cloudapp.net:8088/proxy/application_1615908427205_0005/</a>"}]}},{"text":"%sql\n\nDESC TABLE EXTENDED factinternetsalesreason","user":"anonymous","dateUpdated":"2021-03-16T20:17:19+0000","config":{"colWidth":12,"fontSize":9,"enabled":true,"results":{"0":{"graph":{"mode":"table","height":300,"optionOpen":false,"setting":{"table":{"tableGridState":{},"tableColumnTypeState":{"names":{"col_name":"string","data_type":"string","comment":"string"},"updated":false},"tableOptionSpecHash":"[{\"name\":\"useFilter\",\"valueType\":\"boolean\",\"defaultValue\":false,\"widget\":\"checkbox\",\"description\":\"Enable filter for columns\"},{\"name\":\"showPagination\",\"valueType\":\"boolean\",\"defaultValue\":false,\"widget\":\"checkbox\",\"description\":\"Enable pagination for better navigation\"},{\"name\":\"showAggregationFooter\",\"valueType\":\"boolean\",\"defaultValue\":false,\"widget\":\"checkbox\",\"description\":\"Enable a footer for displaying aggregated values\"}]","tableOptionValue":{"useFilter":false,"showPagination":false,"showAggregationFooter":false},"updated":false,"initialized":false}},"commonSetting":{}}}},"editorSetting":{"language":"sql","editOnDblClick":false,"completionKey":"TAB","completionSupport":true},"editorMode":"ace/mode/sql","editorHide":false},"settings":{"params":{},"forms":{}},"apps":[],"jobName":"paragraph_1615914749948_1375905610","id":"20210316-171229_1392586263","dateCreated":"2021-03-16T17:12:29+0000","dateStarted":"2021-03-16T20:17:19+0000","dateFinished":"2021-03-16T20:17:20+0000","status":"FINISHED","progressUpdateIntervalMs":500,"$$hashKey":"object:26557","results":{"code":"SUCCESS","msg":[{"type":"TABLE","data":"col_name\tdata_type\tcomment\nSalesOrderNumber\tstring\tnull\nSalesOrderLineNumber\tint\tnull\nSalesReasonKey\tint\tnull\n\t\t\n# Detailed Table ...\t\t\nDatabase\tawproject\t\nTable\tfactinternetsales...\t\nOwner\tlivy\t\nCreated Time\tTue Mar 16 17:11:...\t\nLast Access\tThu Jan 01 00:00:...\t\nCreated By\tSpark 2.4.6.4.1.3.6\t\nType\tEXTERNAL\t\nProvider\tCSV\t\nTable Properties\t[bucketing_versio...\t\nLocation\twasbs:\\/\\/aweda@aws...\t\nSerde Library\torg.apache.hadoop...\t\nInputFormat\torg.apache.hadoop...\t\nOutputFormat\torg.apache.hadoop...\t\nStorage Properties\t[header=false, in...\t"},{"type":"HTML","data":"<hr/>Spark Application Id: application_1615908427205_0005<br/>Spark WebUI: <a href=\"http://hn1-sparkl.mr4j4d01t10eze0zglhwhtug2f.bx.internal.cloudapp.net:8088/proxy/application_1615908427205_0005/\">http://hn1-sparkl.mr4j4d01t10eze0zglhwhtug2f.bx.internal.cloudapp.net:8088/proxy/application_1615908427205_0005/</a>"}]}},{"text":"%sql\n\nSHOW TABLES","user":"anonymous","dateUpdated":"2021-03-16T20:17:40+0000","config":{"editorSetting":{"language":"sql","editOnDblClick":false,"completionKey":"TAB","completionSupport":true},"colWidth":12,"editorMode":"ace/mode/sql","fontSize":9,"results":{"0":{"graph":{"mode":"table","height":300,"optionOpen":false,"setting":{"table":{"tableGridState":{},"tableColumnTypeState":{"names":{"database":"string","tableName":"string","isTemporary":"string"},"updated":false},"tableOptionSpecHash":"[{\"name\":\"useFilter\",\"valueType\":\"boolean\",\"defaultValue\":false,\"widget\":\"checkbox\",\"description\":\"Enable filter for columns\"},{\"name\":\"showPagination\",\"valueType\":\"boolean\",\"defaultValue\":false,\"widget\":\"checkbox\",\"description\":\"Enable pagination for better navigation\"},{\"name\":\"showAggregationFooter\",\"valueType\":\"boolean\",\"defaultValue\":false,\"widget\":\"checkbox\",\"description\":\"Enable a footer for displaying aggregated values\"}]","tableOptionValue":{"useFilter":false,"showPagination":false,"showAggregationFooter":false},"updated":false,"initialized":false}},"commonSetting":{}}}},"enabled":true,"editorHide":false},"settings":{"params":{},"forms":{}},"apps":[],"jobName":"paragraph_1615912927148_343897465","id":"20210314-010637_1828695678","dateCreated":"2021-03-16T16:42:07+0000","dateStarted":"2021-03-16T20:17:40+0000","dateFinished":"2021-03-16T20:17:41+0000","status":"FINISHED","progressUpdateIntervalMs":500,"$$hashKey":"object:26558","results":{"code":"SUCCESS","msg":[{"type":"TABLE","data":"database\ttableName\tisTemporary\nawproject\tdimcustomer\tfalse\nawproject\tdimdate\tfalse\nawproject\tdimdate3\tfalse\nawproject\tdimgeography\tfalse\nawproject\tdimproduct\tfalse\nawproject\tdimproductcategory\tfalse\nawproject\tdimproductsubcate...\tfalse\nawproject\tdimsalesreason\tfalse\nawproject\tdimsalesterritory\tfalse\nawproject\tfactinternetsales\tfalse\nawproject\tfactinternetsales...\tfalse"},{"type":"HTML","data":"<hr/>Spark Application Id: application_1615908427205_0005<br/>Spark WebUI: <a href=\"http://hn1-sparkl.mr4j4d01t10eze0zglhwhtug2f.bx.internal.cloudapp.net:8088/proxy/application_1615908427205_0005/\">http://hn1-sparkl.mr4j4d01t10eze0zglhwhtug2f.bx.internal.cloudapp.net:8088/proxy/application_1615908427205_0005/</a>"}]}},{"text":"%sql\n\nselect * from dimdate limit 5\n","user":"anonymous","dateUpdated":"2021-03-16T20:18:05+0000","config":{"editorSetting":{"language":"sql","editOnDblClick":false,"completionKey":"TAB","completionSupport":true},"colWidth":12,"editorMode":"ace/mode/sql","fontSize":9,"results":{"0":{"graph":{"mode":"pieChart","height":300,"optionOpen":false,"setting":{"table":{"tableGridState":{},"tableColumnTypeState":{"names":{"DateKey":"string","FullDateAlternateKey":"string","DayNumberOfWeek":"string","EnglishDayNameOfWeek":"string","SpanishDayNameOfWeek":"string","FrenchDayNameOfWeek":"string","DayNumberOfMonth":"string","DayNumberOfYear":"string","WeekNumberOfYear":"string","EnglishMonthName":"string","SpanishMonthName":"string","FrenchMonthName":"string","MonthNumberOfYear":"string","CalendarQuarter":"string","CalendarYear":"string","CalendarSemester":"string","FiscalQuarter":"string","FiscalYear":"string","FiscalSemester":"string"},"updated":false},"tableOptionSpecHash":"[{\"name\":\"useFilter\",\"valueType\":\"boolean\",\"defaultValue\":false,\"widget\":\"checkbox\",\"description\":\"Enable filter for columns\"},{\"name\":\"showPagination\",\"valueType\":\"boolean\",\"defaultValue\":false,\"widget\":\"checkbox\",\"description\":\"Enable pagination for better navigation\"},{\"name\":\"showAggregationFooter\",\"valueType\":\"boolean\",\"defaultValue\":false,\"widget\":\"checkbox\",\"description\":\"Enable a footer for displaying aggregated values\"}]","tableOptionValue":{"useFilter":false,"showPagination":false,"showAggregationFooter":false},"updated":false,"initialized":false}},"commonSetting":{}},"helium":{}}},"enabled":true,"editorHide":false},"settings":{"params":{},"forms":{}},"apps":[],"jobName":"paragraph_1615912927149_878346447","id":"20210314-010721_1032397100","dateCreated":"2021-03-16T16:42:07+0000","status":"FINISHED","progressUpdateIntervalMs":500,"$$hashKey":"object:26559","dateFinished":"2021-03-16T20:17:58+0000","dateStarted":"2021-03-16T20:17:56+0000","results":{"code":"SUCCESS","msg":[{"type":"TABLE","data":"DateKey\tFullDateAlternateKey\tDayNumberOfWeek\tEnglishDayNameOfWeek\tSpanishDayNameOfWeek\tFrenchDayNameOfWeek\tDayNumberOfMonth\tDayNumberOfYear\tWeekNumberOfYear\tEnglishMonthName\tSpanishMonthName\tFrenchMonthName\tMonthNumberOfYear\tCalendarQuarter\tCalendarYear\tCalendarSemester\tFiscalQuarter\tFiscalYear\tFiscalSemester\n20050101\t2005-01-01 00:00:00\t7\tSaturday\tS\\u00E1bado\tSamedi\t1\t1\t1\tJanuary\tEnero\tJanvier\t1\t1\t2005\t1\t3\t2005\t2\n20050102\t2005-01-02 00:00:00\t1\tSunday\tDomingo\tDimanche\t2\t2\t2\tJanuary\tEnero\tJanvier\t1\t1\t2005\t1\t3\t2005\t2\n20050103\t2005-01-03 00:00:00\t2\tMonday\tLunes\tLundi\t3\t3\t2\tJanuary\tEnero\tJanvier\t1\t1\t2005\t1\t3\t2005\t2\n20050104\t2005-01-04 00:00:00\t3\tTuesday\tMartes\tMardi\t4\t4\t2\tJanuary\tEnero\tJanvier\t1\t1\t2005\t1\t3\t2005\t2\n20050105\t2005-01-05 00:00:00\t4\tWednesday\tMi\\u00E9rcoles\tMercredi\t5\t5\t2\tJanuary\tEnero\tJanvier\t1\t1\t2005\t1\t3\t2005\t2"},{"type":"HTML","data":"<hr/>Spark Application Id: application_1615908427205_0005<br/>Spark WebUI: <a href=\"http://hn1-sparkl.mr4j4d01t10eze0zglhwhtug2f.bx.internal.cloudapp.net:8088/proxy/application_1615908427205_0005/\">http://hn1-sparkl.mr4j4d01t10eze0zglhwhtug2f.bx.internal.cloudapp.net:8088/proxy/application_1615908427205_0005/</a>"}]}},{"text":"%pyspark\n\ndf.head(2)","user":"anonymous","dateUpdated":"2021-03-16T19:55:21+0000","config":{"editorSetting":{"language":"python","editOnDblClick":false,"completionKey":"TAB","completionSupport":true},"colWidth":12,"editorMode":"ace/mode/python","fontSize":9,"results":{},"enabled":true,"editorHide":false},"settings":{"params":{},"forms":{}},"apps":[],"jobName":"paragraph_1615912927149_1625710273","id":"20210314-005625_66156435","dateCreated":"2021-03-16T16:42:07+0000","status":"READY","errorMessage":"","progressUpdateIntervalMs":500,"$$hashKey":"object:26560"},{"text":"%livy2.pyspark\n\ndf = spark.read.csv(\"DimDate.csv\")\ndf.printSchema()","user":"anonymous","dateUpdated":"2021-03-16T19:55:21+0000","config":{"editorSetting":{"language":"python","editOnDblClick":false,"completionKey":"TAB","completionSupport":true},"colWidth":12,"editorMode":"ace/mode/python","fontSize":9,"results":{},"enabled":true,"editorHide":false},"settings":{"params":{},"forms":{}},"apps":[],"jobName":"paragraph_1615912927150_-1123736086","id":"20210313-215400_1647032201","dateCreated":"2021-03-16T16:42:07+0000","status":"READY","errorMessage":"","progressUpdateIntervalMs":500,"$$hashKey":"object:26561"},{"text":"%sql\n\nCREATE TABLE dimdate USING CSV \nOPTIONS (path \"DimDate.csv\", header \"true\", inferschema \"true\")\n","user":"anonymous","dateUpdated":"2021-03-16T19:55:22+0000","config":{"editorSetting":{"language":"sql","editOnDblClick":false,"completionKey":"TAB","completionSupport":true},"colWidth":12,"editorMode":"ace/mode/sql","fontSize":9,"results":{},"enabled":true,"editorHide":false},"settings":{"params":{},"forms":{}},"apps":[],"jobName":"paragraph_1615912927150_1647729847","id":"20210313-213912_1781276190","dateCreated":"2021-03-16T16:42:07+0000","status":"READY","errorMessage":"","progressUpdateIntervalMs":500,"$$hashKey":"object:26562"},{"text":"%pyspark\n\nimport os\n\nos.path\n\nexit()\n","user":"anonymous","dateUpdated":"2021-03-16T19:55:22+0000","config":{"editorSetting":{"language":"python","editOnDblClick":false,"completionKey":"TAB","completionSupport":true},"colWidth":12,"editorMode":"ace/mode/python","fontSize":9,"results":{},"enabled":true,"editorHide":false},"settings":{"params":{},"forms":{}},"apps":[],"jobName":"paragraph_1615912927151_1391476906","id":"20210313-220249_1797618984","dateCreated":"2021-03-16T16:42:07+0000","status":"READY","errorMessage":"","progressUpdateIntervalMs":500,"$$hashKey":"object:26563"},{"text":"%sh\n\nls\n","user":"anonymous","dateUpdated":"2021-03-16T19:55:22+0000","config":{"editorSetting":{"language":"scala","editOnDblClick":false,"completionKey":"TAB","completionSupport":true},"colWidth":12,"editorMode":"ace/mode/scala","fontSize":9,"results":{},"enabled":true,"editorHide":false},"settings":{"params":{},"forms":{}},"apps":[],"jobName":"paragraph_1615912927151_-42535016","id":"20210313-214157_1276862642","dateCreated":"2021-03-16T16:42:07+0000","status":"READY","errorMessage":"","progressUpdateIntervalMs":500,"$$hashKey":"object:26564"},{"user":"anonymous","dateUpdated":"2021-03-16T19:55:22+0000","config":{"editorSetting":{"language":"scala","editOnDblClick":false,"completionKey":"TAB","completionSupport":true},"colWidth":12,"editorMode":"ace/mode/scala","fontSize":9,"results":{},"enabled":true,"editorHide":false},"settings":{"params":{},"forms":{}},"apps":[],"jobName":"paragraph_1615912927152_1317749429","id":"20210313-214206_49299145","dateCreated":"2021-03-16T16:42:07+0000","status":"READY","errorMessage":"","progressUpdateIntervalMs":500,"$$hashKey":"object:26565"}],"name":"Create_Tables","id":"2FZAXBS8E","noteParams":{},"noteForms":{},"angularObjects":{"md:shared_process":[],"livy2:shared_process":[]},"config":{"isZeppelinNotebookCronEnable":false,"looknfeel":"default","personalizedMode":"false"},"info":{}}