﻿TransType,CustomerKey,GeographyKey,CustomerAlternateKey,BirthDate,MaritalStatus,Gender,YearlyIncome,TotalChildren,NumberChildrenAtHome,Education,Occupation,HouseOwnerFlag,NumberCarsOwned,DateFirstPurchase,CommuteDistance
ADD,55555,171,AW00012725,1916-02-10,M,F,10000.00,4,0,Partial High School,Manual,0,2,2013-08-18,1-2 Miles
ADD,66666,208,AW00016455,1917-02-09,M,F,10000.00,4,0,High School,Manual,0,2,2013-03-27,0-1 Miles
ADD,77777,171,AW00014841,1917-06-05,M,M,20000.00,2,0,Partial High School,Manual,1,1,2013-09-02,1-2 Miles
UPDATE,18034,160,AW00018034,1917-09-20,M,M,10000.00,4,0,High School,Office,0,2,2013-05-21,0-1 Miles
UPDATE,14992,228,AW00014992,1918-02-11,M,M,20000.00,2,0,Partial High School,Software Engineer,1,1,2013-09-04,5-10 Miles
UPDATE,25527,223,AW00025527,1918-11-08,S,M,20000.00,2,0,Partial High School,Manual,0,2,2013-09-26,2-5 Miles
UPDATE,16471,207,AW00016471,1919-02-14,M,F,10000.00,4,0,Partial College,Manual,0,2,2013-12-03,0-1 Miles
DELETE,16325,267,AW00016325,1919-03-10,S,F,30000.00,1,0,Partial College,Clerical,1,1,2013-10-10,2-5 Miles
DELETE,28743,196,AW00028743,1920-11-14,S,F,20000.00,2,0,Partial High School,Manual,0,2,2013-10-07,0-1 Miles
