Day,SMI,SMI missing values
1,1678.1,1678.1
2,1688.5,1688.5
3,1678.6,1678.6
4,1684.1,1684.1
5,1686.6,1686.6
6,1671.6,1671.6
7,1682.9,1682.9
8,1703.6,1703.6
9,1697.5,1697.5
10,1716.3,1716.3
11,1723.8,1723.8
12,1730.5,1730.5
13,1727.4,1727.4
14,1733.3,1733.3
15,1734,NA
16,1728.3,1728.3
17,1737.1,1737.1
18,1723.1,1723.1
19,1723.6,1723.6
20,1719,NA
21,1721.2,1721.2
22,1725.3,1725.3
23,1727.2,1727.2
24,1727.2,1727.2
25,1731.6,1731.6
26,1724.1,1724.1
27,1716.9,1716.9
28,1723.4,1723.4
29,1723,NA
30,1728.4,1728.4
31,1722.1,1722.1
32,1724.5,1724.5
33,1733.6,1733.6
34,1739,NA
35,1726.2,1726.2
36,1587.4,1587.4
37,1630.6,1630.6
38,1685.5,1685.5
39,1701.3,1701.3
40,1718,NA
41,1726.2,1726.2
42,1716.6,1716.6
43,1725.8,1725.8
44,1737.4,1737.4
45,1736.6,1736.6
46,1732.4,1732.4
47,1731.2,1731.2
48,1726.9,1726.9
49,1727.8,1727.8
50,1720.2,1720.2
51,1715.4,1715.4
52,1708.7,1708.7
53,1713,NA
54,1713.5,1713.5
55,1718,NA
56,1701.7,1701.7
57,1701.7,1701.7
58,1684.9,1684.9
59,1687.2,1687.2
60,1690.6,1690.6
61,1684.3,1684.3
62,1679.9,1679.9
63,1672.9,1672.9
64,1663.1,1663.1
65,1669.3,1669.3
66,1664.7,1664.7
67,1672.3,1672.3
68,1687.7,1687.7
69,1686.8,1686.8
70,1686.6,1686.6
71,1675.8,1675.8
72,1677.4,1677.4
73,1673.2,1673.2
74,1665,NA
75,1671.3,1671.3
76,1672.4,1672.4
77,1676.2,1676.2
78,1692.6,1692.6
79,1696.5,1696.5
80,1716.1,1716.1
81,1713.3,1713.3
82,1705.1,1705.1
83,1711.3,1711.3
84,1709.8,1709.8
85,1688.6,1688.6
86,1698.9,1698.9
87,1700,NA
88,1693,NA
89,1683.9,1683.9
90,1679.2,1679.2
91,1673.9,1673.9
92,1683.9,1683.9
93,1688.4,1688.4
94,1693.9,1693.9
95,1720.9,1720.9
96,1717.9,1717.9
97,1733.6,1733.6
98,1729.7,1729.7
99,1735.6,1735.6
100,1734.1,1734.1
101,1699.3,1699.3
102,1678.6,1678.6
103,1675.5,1675.5
104,1670.1,1670.1
105,1652.2,1652.2
106,1635,NA
107,1654.9,1654.9
108,1642,NA
109,1638.7,1638.7
110,1622.6,1622.6
111,1596.1,1596.1
112,1612.4,1612.4
113,1625,NA
114,1610.5,1610.5
115,1606.6,1606.6
116,1610.7,1610.7
117,1603.1,1603.1
118,1591.5,1591.5
119,1605.2,1605.2
120,1621.4,1621.4
121,1622.5,1622.5
122,1626.6,1626.6
123,1627.4,1627.4
124,1614.9,1614.9
125,1602.3,1602.3
126,1598.3,1598.3
127,1627,NA
128,1627,NA
129,1627,NA
130,1655.7,1655.7
131,1670.1,1670.1
132,1670.1,1670.1
133,1670.1,1670.1
134,1670.1,1670.1
135,1704,NA
136,1711.8,1711.8
137,1700.5,1700.5
138,1690.3,1690.3
139,1715.4,1715.4
140,1723.5,1723.5
141,1719.4,1719.4
142,1734.4,1734.4
143,1772.8,1772.8
144,1760.3,1760.3
145,1747.2,1747.2
146,1750.2,1750.2
147,1755.3,1755.3
148,1754.6,1754.6
149,1751.2,1751.2
150,1752.5,1752.5
151,1769.4,1769.4
152,1767.6,1767.6
153,1750,NA
154,1747.1,1747.1
155,1753.5,1753.5
156,1752.8,1752.8
157,1752.9,1752.9
158,1764.7,1764.7
159,1776.8,1776.8
160,1779.3,1779.3
161,1785.1,1785.1
162,1798.2,1798.2
163,1794.1,1794.1
164,1795.2,1795.2
165,1780.4,1780.4
166,1789.5,1789.5
167,1794.2,1794.2
168,1784.4,1784.4
169,1800.1,1800.1
170,1804,NA
171,1816.2,1816.2
172,1810.5,1810.5
173,1821.9,1821.9
174,1828.2,1828.2
175,1840.6,1840.6
176,1841.1,1841.1
177,1846.3,1846.3
178,1850,NA
179,1839,NA
180,1820.2,1820.2
181,1815.2,1815.2
182,1820.6,1820.6
183,1807.1,1807.1
184,1791.4,1791.4
185,1806.2,1806.2
186,1798.7,1798.7
187,1818.2,1818.2
188,1820.5,1820.5
189,1833.3,1833.3
190,1837.1,1837.1
191,1818.2,1818.2
192,1824.1,1824.1
193,1830.1,1830.1
194,1835.6,1835.6
195,1828.7,1828.7
196,1839.2,1839.2
197,1837.2,1837.2
198,1826.7,1826.7
199,1838,NA
200,1829.1,1829.1
201,1843.1,1843.1
202,1850.5,1850.5
203,1827.1,1827.1
204,1829.1,1829.1
205,1848,NA
206,1840.5,1840.5
207,1853.8,1853.8
208,1874.1,1874.1
209,1871.3,1871.3
210,1871.3,1871.3
211,1871.3,1871.3
212,1860.5,1860.5
213,1874.7,1874.7
214,1880.1,1880.1
215,1874.7,1874.7
216,1875.6,1875.6
217,1859.5,1859.5
218,1874.2,1874.2
219,1880.1,1880.1
220,1880.1,1880.1
221,1907.7,1907.7
222,1920.5,1920.5
223,1937.3,1937.3
224,1936.8,1936.8
225,1949.1,1949.1
226,1963.7,1963.7
227,1950.8,1950.8
228,1953.5,1953.5
229,1945,NA
230,1921.1,1921.1
231,1939.1,1939.1
232,1928,NA
233,1933.4,1933.4
234,1925.7,1925.7
235,1931.7,1931.7
236,1928.7,1928.7
237,1924.5,1924.5
238,1914.2,1914.2
239,1914.2,1914.2
240,1920.6,1920.6
241,1923.3,1923.3
242,1930.4,1930.4
243,1915.2,1915.2
244,1916.9,1916.9
245,1913.8,1913.8
246,1913.8,1913.8
247,1899.7,1899.7
248,1888,NA
249,1868.8,1868.8
250,1879.9,1879.9
251,1865.7,1865.7
252,1881.3,1881.3
253,1873.1,1873.1
254,1862.5,1862.5
255,1869.3,1869.3
256,1846.9,1846.9
257,1847.1,1847.1
258,1838.3,1838.3
259,1845.8,1845.8
260,1835.5,1835.5
261,1846.6,1846.6
262,1854.8,1854.8
263,1845.3,1845.3
264,1854.5,1854.5
265,1870.5,1870.5
266,1862.6,1862.6
267,1856.6,1856.6
268,1837.6,1837.6
269,1846.7,1846.7
270,1856.5,1856.5
271,1841.8,1841.8
272,1835,NA
273,1844.4,1844.4
274,1838.9,1838.9
275,1805.6,1805.6
276,1756.6,1756.6
277,1786.1,1786.1
278,1757.1,1757.1
279,1762.8,1762.8
280,1756.8,1756.8
281,1761.9,1761.9
282,1778.5,1778.5
283,1812.7,1812.7
284,1806.1,1806.1
285,1798.1,1798.1
286,1794.9,1794.9
287,1805.4,1805.4
288,1820.3,1820.3
289,1819.6,1819.6
290,1809.6,1809.6
291,1799.9,1799.9
292,1800.3,1800.3
293,1793.3,1793.3
294,1784.8,1784.8
295,1791.7,1791.7
296,1800.2,1800.2
297,1788.6,1788.6
298,1775.7,1775.7
299,1753.5,1753.5
300,1768.2,1768.2
301,1727.9,1727.9
302,1709.6,1709.6
303,1704.6,1704.6
304,1740.6,1740.6
305,1745.7,1745.7
306,1751.7,1751.7
307,1747.3,1747.3
308,1757.8,1757.8
309,1774.2,1774.2
310,1774.4,1774.4
311,1788.3,1788.3
312,1788,NA
313,1779.1,1779.1
314,1792.8,1792.8
315,1812,NA
316,1872.1,1872.1
317,1851.4,1851.4
318,1873.4,1873.4
319,1889.6,1889.6
320,1897.5,1897.5
321,1888.8,1888.8
322,1900.4,1900.4
323,1913.4,1913.4
324,1909.9,1909.9
325,1910.8,1910.8
326,1879.2,1879.2
327,1880.2,1880.2
328,1878.3,1878.3
329,1885.2,1885.2
330,1867.6,1867.6
331,1788,NA
332,1820.5,1820.5
333,1858.2,1858.2
334,1870.3,1870.3
335,1878.4,1878.4
336,1881.5,1881.5
337,1893.2,1893.2
338,1889.3,1889.3
339,1877.3,1877.3
340,1884,NA
341,1904.7,1904.7
342,1922.7,1922.7
343,1908.5,1908.5
344,1911.4,1911.4
345,1921.1,1921.1
346,1930.8,1930.8
347,1927.8,1927.8
348,1908.3,1908.3
349,1905.9,1905.9
350,1911.1,1911.1
351,1921.6,1921.6
352,1933.6,1933.6
353,1942,NA
354,1951.5,1951.5
355,1955.7,1955.7
356,1957.4,1957.4
357,1962.3,1962.3
358,1946.1,1946.1
359,1950.2,1950.2
360,1929.7,1929.7
361,1913.4,1913.4
362,1889.5,1889.5
363,1882.8,1882.8
364,1895.4,1895.4
365,1897.9,1897.9
366,1891.5,1891.5
367,1880.1,1880.1
368,1887,NA
369,1891.4,1891.4
370,1914.6,1914.6
371,1931.2,1931.2
372,1929.2,1929.2
373,1924.3,1924.3
374,1927,NA
375,1935,NA
376,1955.4,1955.4
377,1962.2,1962.2
378,1980.7,1980.7
379,1987.7,1987.7
380,1993.7,1993.7
381,2015.7,2015.7
382,2005,NA
383,2023.9,2023.9
384,2028.5,2028.5
385,2044.9,2044.9
386,2045.8,2045.8
387,2057.3,2057.3
388,2061.7,2061.7
389,2061.7,2061.7
390,2061.7,2061.7
391,2092.3,2092.3
392,2090.1,2090.1
393,2105.4,2105.4
394,2105.4,2105.4
395,2105.4,2105.4
396,2117.7,2117.7
397,2128.2,2128.2
398,2124.7,2124.7
399,2079.9,2079.9
400,2074.9,2074.9
401,2046.4,2046.4
402,2079.8,2079.8
403,2076.7,2076.7
404,2104.5,2104.5
405,2101.3,2101.3
406,2084,NA
407,2063.9,2063.9
408,2062.7,2062.7
409,2089.9,2089.9
410,2102.9,2102.9
411,2086,NA
412,2085.9,2085.9
413,2064.1,2064.1
414,2072.7,2072.7
415,2091,NA
416,2120.2,2120.2
417,2120.4,2120.4
418,2117.6,2117.6
419,2123.7,2123.7
420,2132.2,2132.2
421,2137,NA
422,2134.8,2134.8
423,2121.4,2121.4
424,2127.5,2127.5
425,2135.5,2135.5
426,2144.8,2144.8
427,2131,NA
428,2112.9,2112.9
429,2131.3,2131.3
430,2117.8,2117.8
431,2096.1,2096.1
432,2051.5,2051.5
433,2065.7,2065.7
434,2061,NA
435,2100.6,2100.6
436,2120.5,2120.5
437,2130.9,2130.9
438,2142.4,2142.4
439,2139.5,2139.5
440,2134.6,2134.6
441,2132.2,2132.2
442,2150.1,2150.1
443,2157,NA
444,2165,NA
445,2127.2,2127.2
446,2157.2,2157.2
447,2150.8,2150.8
448,2139.1,2139.1
449,2154.7,2154.7
450,2182.4,2182.4
451,2161.3,2161.3
452,2166.3,2166.3
453,2146.8,2146.8
454,2135.7,2135.7
455,2160.9,2160.9
456,2175.7,2175.7
457,2188.9,2188.9
458,2190.3,2190.3
459,2188.4,2188.4
460,2190.3,2190.3
461,2184,NA
462,2196,NA
463,2184.9,2184.9
464,2188.3,2188.3
465,2188.3,2188.3
466,2188.3,2188.3
467,2181.7,2181.7
468,2165.7,2165.7
469,2160.5,2160.5
470,2162.9,2162.9
471,2166.3,2166.3
472,2170.8,2170.8
473,2178.1,2178.1
474,2177.3,2177.3
475,2162.3,2162.3
476,2140.4,2140.4
477,2124.7,2124.7
478,2138.2,2138.2
479,2123.2,2123.2
480,2129.7,2129.7
481,2152.8,2152.8
482,2160,NA
483,2165.8,2165.8
484,2165.4,2165.4
485,2162.6,2162.6
486,2179.1,2179.1
487,2191.1,2191.1
488,2191.5,2191.5
489,2183.3,2183.3
490,2186.3,2186.3
491,2205.2,2205.2
492,2227.2,2227.2
493,2227,NA
494,2227,NA
495,2232.9,2232.9
496,2237.4,2237.4
497,2243.5,2243.5
498,2247.5,2247.5
499,2267.1,2267.1
500,2271.6,2271.6
501,2271.6,2271.6
502,2253.8,2253.8
503,2259.8,2259.8
504,2269,NA
505,2284.2,2284.2
506,2309.7,2309.7
507,2294.5,2294.5
508,2312.5,2312.5
509,2309.2,2309.2
510,2308.6,2308.6
511,2293.8,2293.8
512,2274,NA
513,2294.6,2294.6
514,2323.4,2323.4
515,2318,NA
516,2329.5,2329.5
517,2335,NA
518,2323.9,2323.9
519,2335.8,2335.8
520,2347.3,2347.3
521,2369.8,2369.8
522,2371.9,2371.9
523,2376.2,2376.2
524,2375.5,2375.5
525,2368.8,2368.8
526,2364.4,2364.4
527,2390.9,2390.9
528,2372,NA
529,2397.1,2397.1
530,2403,NA
531,2408.7,2408.7
532,2418.1,2418.1
533,2410.5,2410.5
534,2399.9,2399.9
535,2396.4,2396.4
536,2381.8,2381.8
537,2324.5,2324.5
538,2313.7,2313.7
539,2340.2,2340.2
540,2350.5,2350.5
541,2388.7,2388.7
542,2398,NA
543,2408.7,2408.7
544,2401.5,2401.5
545,2400.9,2400.9
546,2400.7,2400.7
547,2429.8,2429.8
548,2431.5,2431.5
549,2424.9,2424.9
550,2423.3,2423.3
551,2420.5,2420.5
552,2384.5,2384.5
553,2411.1,2411.1
554,2449.5,2449.5
555,2461,NA
556,2478.7,2478.7
557,2464.9,2464.9
558,2488,NA
559,2480.6,2480.6
560,2474.5,2474.5
561,2467.3,2467.3
562,2472.4,2472.4
563,2499.7,2499.7
564,2475.2,2475.2
565,2478.6,2478.6
566,2481,NA
567,2488.5,2488.5
568,2470.4,2470.4
569,2463.8,2463.8
570,2438.8,2438.8
571,2392.5,2392.5
572,2403.4,2403.4
573,2397.9,2397.9
574,2382.1,2382.1
575,2363.6,2363.6
576,2365.6,2365.6
577,2388.3,2388.3
578,2361.8,2361.8
579,2374.4,2374.4
580,2385.2,2385.2
581,2418.4,2418.4
582,2431.8,2431.8
583,2414.6,2414.6
584,2425.8,2425.8
585,2445.9,2445.9
586,2482.4,2482.4
587,2478.3,2478.3
588,2485.4,2485.4
589,2473.1,2473.1
590,2481.6,2481.6
591,2490.3,2490.3
592,2521.3,2521.3
593,2534.8,2534.8
594,2528,NA
595,2533.6,2533.6
596,2548.5,2548.5
597,2552.5,2552.5
598,2571,NA
599,2586.4,2586.4
600,2612.6,2612.6
601,2663.6,2663.6
602,2660.7,2660.7
603,2668.4,2668.4
604,2690.1,2690.1
605,2701.4,2701.4
606,2685,NA
607,2700.2,2700.2
608,2715.9,2715.9
609,2720.9,2720.9
610,2723.2,2723.2
611,2727.1,2727.1
612,2742.9,2742.9
613,2749.9,2749.9
614,2706.6,2706.6
615,2654.2,2654.2
616,2675.3,2675.3
617,2727.1,2727.1
618,2742.1,2742.1
619,2720.1,2720.1
620,2721.1,2721.1
621,2717.4,2717.4
622,2712.3,2712.3
623,2711.1,2711.1
624,2727.1,2727.1
625,2733.9,2733.9
626,2696.5,2696.5
627,2702.1,2702.1
628,2717.8,2717.8
629,2726.8,2726.8
630,2741.9,2741.9
631,2738.2,2738.2
632,2738.5,2738.5
633,2774.3,2774.3
634,2787.2,2787.2
635,2819,NA
636,2836.4,2836.4
637,2834.8,2834.8
638,2843.8,2843.8
639,2858.4,2858.4
640,2861.2,2861.2
641,2876.9,2876.9
642,2867.8,2867.8
643,2850.6,2850.6
644,2867.7,2867.7
645,2889.5,2889.5
646,2909,NA
647,2918,NA
648,2942.4,2942.4
649,2967.4,2967.4
650,2967.4,2967.4
651,2972.6,2972.6
652,2930.9,2930.9
653,2934.2,2934.2
654,2957.6,2957.6
655,2957.6,2957.6
656,2996.2,2996.2
657,2999.2,2999.2
658,3009.4,3009.4
659,3021.9,3021.9
660,3042.9,3042.9
661,3015.9,3015.9
662,3026.6,3026.6
663,2999,NA
664,2949.9,2949.9
665,2990.6,2990.6
666,3011.1,3011.1
667,3037.5,3037.5
668,3049.4,3049.4
669,3045.9,3045.9
670,3039.3,3039.3
671,3041.3,3041.3
672,3066.5,3066.5
673,3091.3,3091.3
674,3095.2,3095.2
675,3140.7,3140.7
676,3178.4,3178.4
677,3148.7,3148.7
678,3169.1,3169.1
679,3151.9,3151.9
680,3166.6,3166.6
681,3089.8,3089.8
682,3097.2,3097.2
683,3054.2,3054.2
684,3012.2,3012.2
685,3012.2,3012.2
686,2947.1,2947.1
687,2947.1,2947.1
688,2947.1,2947.1
689,3033.4,3033.4
690,3025.9,3025.9
691,2997.6,2997.6
692,2982.8,2982.8
693,3027.5,3027.5
694,2958.4,2958.4
695,2929.3,2929.3
696,2888.2,2888.2
697,2847.4,2847.4
698,2768.5,2768.5
699,2803.4,2803.4
700,2865.2,2865.2
701,2918.7,2918.7
702,2902.4,2902.4
703,2858.5,2858.5
704,2861.2,2861.2
705,2831.6,2831.6
706,2870.5,2870.5
707,2906.9,2906.9
708,2887.1,2887.1
709,2887.7,2887.7
710,2843.5,2843.5
711,2804.3,2804.3
712,2824.7,2824.7
713,2857,NA
714,2850.8,2850.8
715,2831.8,2831.8
716,2862.4,2862.4
717,2827.4,2827.4
718,2814.5,2814.5
719,2794.8,2794.8
720,2794.8,2794.8
721,2794.8,2794.8
722,2807.3,2807.3
723,2830.2,2830.2
724,2860.9,2860.9
725,2873.4,2873.4
726,2884,NA
727,2887.8,2887.8
728,2877.7,2877.7
729,2843.7,2843.7
730,2872.9,2872.9
731,2869.1,2869.1
732,2837.1,2837.1
733,2818.7,2818.7
734,2781.6,2781.6
735,2787.9,2787.9
736,2763.5,2763.5
737,2776.2,2776.2
738,2791.3,2791.3
739,2768.9,2768.9
740,2736.3,2736.3
741,2765.2,2765.2
742,2755.9,2755.9
743,2705.6,2705.6
744,2682.2,2682.2
745,2641.4,2641.4
746,2569.5,2569.5
747,2629,NA
748,2633,NA
749,2633,NA
750,2678.7,2678.7
751,2709,NA
752,2727.1,2727.1
753,2740.6,2740.6
754,2725.8,2725.8
755,2732.7,2732.7
756,2732.7,2732.7
757,2692,NA
758,2673.1,2673.1
759,2689.2,2689.2
760,2711.9,2711.9
761,2742.9,2742.9
762,2722.9,2722.9
763,2731.5,2731.5
764,2725.9,2725.9
765,2728.4,2728.4
766,2781.4,2781.4
767,2778.1,2778.1
768,2801.1,2801.1
769,2777.2,2777.2
770,2763.8,2763.8
771,2744.2,2744.2
772,2740,NA
773,2701.8,2701.8
774,2666.6,2666.6
775,2627.6,2627.6
776,2545,NA
777,2544.2,2544.2
778,2595.7,2595.7
779,2626.7,2626.7
780,2577.2,2577.2
781,2561.4,2561.4
782,2604.4,2604.4
783,2631.2,2631.2
784,2608.8,2608.8
785,2588.9,2588.9
786,2636.4,2636.4
787,2609.7,2609.7
788,2598.9,2598.9
789,2590.5,2590.5
790,2560.3,2560.3
791,2562.5,2562.5
792,2508,NA
793,2474.5,2474.5
794,2528.3,2528.3
795,2514.9,2514.9
796,2494.7,2494.7
797,2521.6,2521.6
798,2562.3,2562.3
799,2579.4,2579.4
800,2599.2,2599.2
801,2601.2,2601.2
802,2604.4,2604.4
803,2544.9,2544.9
804,2559.3,2559.3
805,2579.5,2579.5
806,2579.5,2579.5
807,2629.7,2629.7
808,2620.7,2620.7
809,2615.3,2615.3
810,2600.8,2600.8
811,2617.5,2617.5
812,2585.5,2585.5
813,2591.4,2591.4
814,2588.8,2588.8
815,2580.5,2580.5
816,2570.6,2570.6
817,2588.7,2588.7
818,2599.3,2599.3
819,2582.7,2582.7
820,2557,NA
821,2532.4,2532.4
822,2530.9,2530.9
823,2541.1,2541.1
824,2551.1,2551.1
825,2581.3,2581.3
826,2635.2,2635.2
827,2635.7,2635.7
828,2645.6,2645.6
829,2628.4,2628.4
830,2672,NA
831,2674.5,2674.5
832,2652.4,2652.4
833,2662.5,2662.5
834,2664.1,2664.1
835,2642.1,2642.1
836,2643,NA
837,2658.8,2658.8
838,2637.7,2637.7
839,2628.6,2628.6
840,2603.3,2603.3
841,2614.7,2614.7
842,2593,NA
843,2594,NA
844,2602.9,2602.9
845,2609.1,2609.1
846,2586.1,2586.1
847,2581,NA
848,2590,NA
849,2558,NA
850,2534.4,2534.4
851,2499.5,2499.5
852,2522.5,2522.5
853,2480.4,2480.4
854,2484.8,2484.8
855,2496.9,2496.9
856,2553.4,2553.4
857,2570.2,2570.2
858,2562.7,2562.7
859,2593.3,2593.3
860,2585.3,2585.3
861,2575.6,2575.6
862,2542.5,2542.5
863,2529.8,2529.8
864,2530.9,2530.9
865,2508.6,2508.6
866,2525.2,2525.2
867,2494.7,2494.7
868,2477.2,2477.2
869,2458.6,2458.6
870,2490.5,2490.5
871,2506.5,2506.5
872,2503.9,2503.9
873,2500,NA
874,2534.8,2534.8
875,2541,NA
876,2557.9,2557.9
877,2543.9,2543.9
878,2590.4,2590.4
879,2602.7,2602.7
880,2597.8,2597.8
881,2590.9,2590.9
882,2591.9,2591.9
883,2609.4,2609.4
884,2600.9,2600.9
885,2606.5,2606.5
886,2607,NA
887,2571.8,2571.8
888,2546.1,2546.1
889,2568.6,2568.6
890,2572.5,2572.5
891,2579.4,2579.4
892,2584.7,2584.7
893,2594.9,2594.9
894,2576,NA
895,2577.5,2577.5
896,2611,NA
897,2589.1,2589.1
898,2584.3,2584.3
899,2589.3,2589.3
900,2576,NA
901,2562.8,2562.8
902,2566,NA
903,2581.4,2581.4
904,2598,NA
905,2604.7,2604.7
906,2600.7,2600.7
907,2614.7,2614.7
908,2636.1,2636.1
909,2649.8,2649.8
910,2651,NA
911,2651,NA
912,2673.5,2673.5
913,2656.2,2656.2
914,2628.8,2628.8
915,2628.8,2628.8
916,2628.8,2628.8
917,2612.3,2612.3
918,2632.4,2632.4
919,2613.1,2613.1
920,2622.3,2622.3
921,2617.3,2617.3
922,2600.4,2600.4
923,2597,NA
924,2600.5,2600.5
925,2600.2,2600.2
926,2591.6,2591.6
927,2582.8,2582.8
928,2593.6,2593.6
929,2595.5,2595.5
930,2574.6,2574.6
931,2525.3,2525.3
932,2534.8,2534.8
933,2525.5,2525.5
934,2554.7,2554.7
935,2552.4,2552.4
936,2540.2,2540.2
937,2536.9,2536.9
938,2560.8,2560.8
939,2563.7,2563.7
940,2589.4,2589.4
941,2621.4,2621.4
942,2628,NA
943,2617.4,2617.4
944,2636.9,2636.9
945,2635.4,2635.4
946,2636,NA
947,2642.4,2642.4
948,2636,NA
949,2621,NA
950,2601,NA
951,2597.2,2597.2
952,2609.6,2609.6
953,2610,NA
954,2632.1,2632.1
955,2623.3,2623.3
956,2607.5,2607.5
957,2600.4,2600.4
958,2619.2,2619.2
959,2617.2,2617.2
960,2586.5,2586.5
961,2553.2,2553.2
962,2543.1,2543.1
963,2515.8,2515.8
964,2461.5,2461.5
965,2467.7,2467.7
966,2450.3,2450.3
967,2463.3,2463.3
968,2475,NA
969,2491.7,2491.7
970,2497.5,2497.5
971,2516,NA
972,2505.5,2505.5
973,2501.9,2501.9
974,2480.7,2480.7
975,2526.6,2526.6
976,2518.1,2518.1
977,2495.6,2495.6
978,2495,NA
979,2533.1,2533.1
980,2508.9,2508.9
981,2511.1,2511.1
982,2536.2,2536.2
983,2536.3,2536.3
984,2556.1,2556.1
985,2559.3,2559.3
986,2561.2,2561.2
987,2563.1,2563.1
988,2562.4,2562.4
989,2560.3,2560.3
990,2560.3,2560.3
991,2560.3,2560.3
992,2547.1,2547.1
993,2516.8,2516.8
994,2544.2,2544.2
995,2560.8,2560.8
996,2554.8,2554.8
997,2561.1,2561.1
998,2574.4,2574.4
999,2567,NA
1000,2597.2,2597.2
1001,2597.2,2597.2
1002,2621.4,2621.4
1003,2618.6,2618.6
1004,2641.7,2641.7
1005,2650.5,2650.5
1006,2658.8,2658.8
1007,2655.6,2655.6
1008,2661.4,2661.4
1009,2701,NA
1010,2728.2,2728.2
1011,2739,NA
1012,2746.6,2746.6
1013,2739.8,2739.8
1014,2727.7,2727.7
1015,2701,NA
1016,2751.2,2751.2
1017,2750.4,2750.4
1018,2778.5,2778.5
1019,2778.5,2778.5
1020,2751.7,2751.7
1021,2762.5,2762.5
1022,2779.4,2779.4
1023,2786.4,2786.4
1024,2807.8,2807.8
1025,2805.3,2805.3
1026,2805.3,2805.3
1027,2809.7,2809.7
1028,2819.6,2819.6
1029,2806.8,2806.8
1030,2795.3,2795.3
1031,2802.3,2802.3
1032,2800.9,2800.9
1033,2798.1,2798.1
1034,2800.2,2800.2
1035,2775.4,2775.4
1036,2803,NA
1037,2805.6,2805.6
1038,2816.8,2816.8
1039,2843.3,2843.3
1040,2837.7,2837.7
1041,2830.3,2830.3
1042,2845.1,2845.1
1043,2836.8,2836.8
1044,2845.6,2845.6
1045,2825.3,2825.3
1046,2827.5,2827.5
1047,2847.5,2847.5
1048,2843.7,2843.7
1049,2833.7,2833.7
1050,2848.4,2848.4
1051,2842.9,2842.9
1052,2847.3,2847.3
1053,2867.9,2867.9
1054,2869.7,2869.7
1055,2863.4,2863.4
1056,2892.3,2892.3
1057,2875.1,2875.1
1058,2856.2,2856.2
1059,2822.2,2822.2
1060,2830.2,2830.2
1061,2836.6,2836.6
1062,2833.2,2833.2
1063,2827.1,2827.1
1064,2824.7,2824.7
1065,2833.1,2833.1
1066,2826.8,2826.8
1067,2826.8,2826.8
1068,2852.3,2852.3
1069,2814.3,2814.3
1070,2807.1,2807.1
1071,2800.6,2800.6
1072,2797.4,2797.4
1073,2781.3,2781.3
1074,2802.6,2802.6
1075,2820.1,2820.1
1076,2807.2,2807.2
1077,2838.4,2838.4
1078,2880.6,2880.6
1079,2880,NA
1080,2889.5,2889.5
1081,2886.7,2886.7
1082,2900.8,2900.8
1083,2896.8,2896.8
1084,2887.1,2887.1
1085,2893.8,2893.8
1086,2883.3,2883.3
1087,2887.3,2887.3
1088,2915.7,2915.7
1089,2908.8,2908.8
1090,2918.3,2918.3
1091,2952.7,2952.7
1092,2971.1,2971.1
1093,2999.6,2999.6
1094,2989.1,2989.1
1095,2989.2,2989.2
1096,2986.3,2986.3
1097,2990.5,2990.5
1098,3016.8,3016.8
1099,3011.6,3011.6
1100,3025.4,3025.4
1101,3008.1,3008.1
1102,3033.5,3033.5
1103,3029,NA
1104,3039.1,3039.1
1105,2994.7,2994.7
1106,3015.3,3015.3
1107,3045.5,3045.5
1108,3009.8,3009.8
1109,3000.6,3000.6
1110,3014.8,3014.8
1111,3039,NA
1112,3049,NA
1113,3036.5,3036.5
1114,3036.6,3036.6
1115,3054,NA
1116,3064,NA
1117,3050,NA
1118,3073,NA
1119,3083.7,3083.7
1120,3109.2,3109.2
1121,3116.3,3116.3
1122,3112.3,3112.3
1123,3135.4,3135.4
1124,3124.5,3124.5
1125,3120.4,3120.4
1126,3041.7,3041.7
1127,3062.3,3062.3
1128,3078.9,3078.9
1129,3080,NA
1130,3026.6,3026.6
1131,3057.9,3057.9
1132,3108.2,3108.2
1133,3128.5,3128.5
1134,3123.4,3123.4
1135,3137.6,3137.6
1136,3123.2,3123.2
1137,3133.8,3133.8
1138,3132.6,3132.6
1139,3150.1,3150.1
1140,3130.4,3130.4
1141,3121.4,3121.4
1142,3133,NA
1143,3124.8,3124.8
1144,3148.4,3148.4
1145,3152.5,3152.5
1146,3182.2,3182.2
1147,3183.9,3183.9
1148,3201,NA
1149,3209.2,3209.2
1150,3220.1,3220.1
1151,3251,NA
1152,3229.5,3229.5
1153,3245.9,3245.9
1154,3251.6,3251.6
1155,3261.2,3261.2
1156,3278.4,3278.4
1157,3278.5,3278.5
1158,3281.5,3281.5
1159,3245.7,3245.7
1160,3246.6,3246.6
1161,3261.6,3261.6
1162,3280.9,3280.9
1163,3273.4,3273.4
1164,3272.2,3272.2
1165,3289.8,3289.8
1166,3251.6,3251.6
1167,3217.7,3217.7
1168,3254.3,3254.3
1169,3255,NA
1170,3277.9,3277.9
1171,3277.9,3277.9
1172,3277.9,3277.9
1173,3317.1,3317.1
1174,3297.7,3297.7
1175,3297.7,3297.7
1176,3297.7,3297.7
1177,3297.7,3297.7
1178,3384.5,3384.5
1179,3395.8,3395.8
1180,3376.1,3376.1
1181,3368.1,3368.1
1182,3361.5,3361.5
1183,3314.8,3314.8
1184,3284.1,3284.1
1185,3292.9,3292.9
1186,3233.9,3233.9
1187,3254.8,3254.8
1188,3219.3,3219.3
1189,3257.8,3257.8
1190,3253.1,3253.1
1191,3249.9,3249.9
1192,3219,NA
1193,3221.3,3221.3
1194,3211.2,3211.2
1195,3191.4,3191.4
1196,3198.2,3198.2
1197,3236.8,3236.8
1198,3248.7,3248.7
1199,3279.9,3279.9
1200,3270,NA
1201,3221.7,3221.7
1202,3253.8,3253.8
1203,3262.7,3262.7
1204,3245.6,3245.6
1205,3242.7,3242.7
1206,3253.1,3253.1
1207,3260.1,3260.1
1208,3266.1,3266.1
1209,3272.2,3272.2
1210,3280.3,3280.3
1211,3270.6,3270.6
1212,3243.5,3243.5
1213,3253,NA
1214,3264.4,3264.4
1215,3296.2,3296.2
1216,3298.6,3298.6
1217,3309.9,3309.9
1218,3360.5,3360.5
1219,3354.8,3354.8
1220,3385.5,3385.5
1221,3400.6,3400.6
1222,3383.4,3383.4
1223,3408.3,3408.3
1224,3581.9,3581.9
1225,3549.7,3549.7
1226,3506.2,3506.2
1227,3540.5,3540.5
1228,3558.3,3558.3
1229,3578.4,3578.4
1230,3561.1,3561.1
1231,3583.6,3583.6
1232,3605.1,3605.1
1233,3611.1,3611.1
1234,3629.3,3629.3
1235,3647.7,3647.7
1236,3677,NA
1237,3658.1,3658.1
1238,3671,NA
1239,3640.3,3640.3
1240,3646.5,3646.5
1241,3654.3,3654.3
1242,3648.3,3648.3
1243,3606.7,3606.7
1244,3611.1,3611.1
1245,3611.1,3611.1
1246,3611.1,3611.1
1247,3594.4,3594.4
1248,3601.5,3601.5
1249,3566.9,3566.9
1250,3575.5,3575.5
1251,3589.6,3589.6
1252,3607.5,3607.5
1253,3603.9,3603.9
1254,3601.2,3601.2
1255,3628.1,3628.1
1256,3673.2,3673.2
1257,3647.3,3647.3
1258,3668.4,3668.4
1259,3668.1,3668.1
1260,3696,NA
1261,3658.2,3658.2
1262,3651,NA
1263,3651,NA
1264,3635.8,3635.8
1265,3611.2,3611.2
1266,3591.6,3591.6
1267,3583.6,3583.6
1268,3534.1,3534.1
1269,3521.6,3521.6
1270,3556.9,3556.9
1271,3557.8,3557.8
1272,3582.4,3582.4
1273,3572.5,3572.5
1274,3572.5,3572.5
1275,3593,NA
1276,3584,NA
1277,3587.3,3587.3
1278,3550,NA
1279,3547.4,3547.4
1280,3572.2,3572.2
1281,3572.2,3572.2
1282,3583.8,3583.8
1283,3558.2,3558.2
1284,3537.7,3537.7
1285,3556.1,3556.1
1286,3544.6,3544.6
1287,3568.1,3568.1
1288,3572,NA
1289,3585.5,3585.5
1290,3547.9,3547.9
1291,3575.8,3575.8
1292,3575.6,3575.6
1293,3600.9,3600.9
1294,3607.4,3607.4
1295,3593.9,3593.9
1296,3600.1,3600.1
1297,3628.3,3628.3
1298,3643.6,3643.6
1299,3655.4,3655.4
1300,3687.3,3687.3
1301,3701.5,3701.5
1302,3699.6,3699.6
1303,3723.5,3723.5
1304,3703,NA
1305,3732.9,3732.9
1306,3728.2,3728.2
1307,3750.8,3750.8
1308,3757,NA
1309,3771.3,3771.3
1310,3731.2,3731.2
1311,3732.8,3732.8
1312,3773.4,3773.4
1313,3788,NA
1314,3810,NA
1315,3785.8,3785.8
1316,3755.4,3755.4
1317,3678.1,3678.1
1318,3656.2,3656.2
1319,3649.2,3649.2
1320,3661.5,3661.5
1321,3566.1,3566.1
1322,3585.2,3585.2
1323,3482.6,3482.6
1324,3537.4,3537.4
1325,3537.8,3537.8
1326,3549.5,3549.5
1327,3518.2,3518.2
1328,3494.4,3494.4
1329,3494.4,3494.4
1330,3604.6,3604.6
1331,3623.3,3623.3
1332,3629,NA
1333,3662.6,3662.6
1334,3653.4,3653.4
1335,3643.2,3643.2
1336,3623.1,3623.1
1337,3630.2,3630.2
1338,3650.7,3650.7
1339,3646.3,3646.3
1340,3670.5,3670.5
1341,3664.4,3664.4
1342,3698.2,3698.2
1343,3683.8,3683.8
1344,3713,NA
1345,3725.4,3725.4
1346,3714.6,3714.6
1347,3722.4,3722.4
1348,3692.6,3692.6
1349,3682.6,3682.6
1350,3646.3,3646.3
1351,3654.7,3654.7
1352,3623.9,3623.9
1353,3634.2,3634.2
1354,3627.1,3627.1
1355,3637.8,3637.8
1356,3684.4,3684.4
1357,3694.2,3694.2
1358,3678.9,3678.9
1359,3687.2,3687.2
1360,3716.8,3716.8
1361,3722.7,3722.7
1362,3690,NA
1363,3690.1,3690.1
1364,3694.9,3694.9
1365,3694.9,3694.9
1366,3635.5,3635.5
1367,3661.2,3661.2
1368,3697.7,3697.7
1369,3699.5,3699.5
1370,3696.6,3696.6
1371,3736.4,3736.4
1372,3737.5,3737.5
1373,3760.2,3760.2
1374,3771.6,3771.6
1375,3771.6,3771.6
1376,3813.7,3813.7
1377,3818.1,3818.1
1378,3807.9,3807.9
1379,3797.3,3797.3
1380,3805.2,3805.2
1381,3813.7,3813.7
1382,3822.2,3822.2
1383,3790.2,3790.2
1384,3793.2,3793.2
1385,3803.3,3803.3
1386,3788.2,3788.2
1387,3775.3,3775.3
1388,3742.9,3742.9
1389,3753.6,3753.6
1390,3758.7,3758.7
1391,3763.5,3763.5
1392,3732,NA
1393,3723.1,3723.1
1394,3725.3,3725.3
1395,3736.1,3736.1
1396,3749.2,3749.2
1397,3784.8,3784.8
1398,3815.4,3815.4
1399,3811.5,3811.5
1400,3812,NA
1401,3827.6,3827.6
1402,3829.8,3829.8
1403,3825.7,3825.7
1404,3856.4,3856.4
1405,3897.9,3897.9
1406,3888.3,3888.3
1407,3892.6,3892.6
1408,3883.3,3883.3
1409,3861.5,3861.5
1410,3882.8,3882.8
1411,3891.7,3891.7
1412,3878.2,3878.2
1413,3845.3,3845.3
1414,3884.1,3884.1
1415,3902.5,3902.5
1416,3874,NA
1417,3924.5,3924.5
1418,3910.6,3910.6
1419,3913.8,3913.8
1420,3835.5,3835.5
1421,3874,NA
1422,3885.4,3885.4
1423,3857.6,3857.6
1424,3860,NA
1425,3839.3,3839.3
1426,3869.2,3869.2
1427,3850.4,3850.4
1428,3874,NA
1429,3880.8,3880.8
1430,3890.1,3890.1
1431,3875.5,3875.5
1432,3869.8,3869.8
1433,3869.8,3869.8
1434,3869.8,3869.8
1435,3922.2,3922.2
1436,3948.3,3948.3
1437,3942.2,3942.2
1438,3942.2,3942.2
1439,3942.2,3942.2
1440,3940.1,3940.1
1441,3923.8,3923.8
1442,3922.9,3922.9
1443,3944.9,3944.9
1444,3966.2,3966.2
1445,3947.4,3947.4
1446,3975.5,3975.5
1447,3983.6,3983.6
1448,3979.6,3979.6
1449,4007.1,4007.1
1450,4019.9,4019.9
1451,4009.5,4009.5
1452,4023.1,4023.1
1453,4115.4,4115.4
1454,4161,NA
1455,4125.5,4125.5
1456,4127.3,4127.3
1457,4182.3,4182.3
1458,4169.7,4169.7
1459,4209.1,4209.1
1460,4272.2,4272.2
1461,4282.8,4282.8
1462,4296.5,4296.5
1463,4305.5,4305.5
1464,4309.8,4309.8
1465,4357.9,4357.9
1466,4384.3,4384.3
1467,4408.4,4408.4
1468,4444.1,4444.1
1469,4436.3,4436.3
1470,4464.2,4464.2
1471,4514.6,4514.6
1472,4490.7,4490.7
1473,4525.5,4525.5
1474,4530.8,4530.8
1475,4522.5,4522.5
1476,4463.2,4463.2
1477,4503.9,4503.9
1478,4539,NA
1479,4519.7,4519.7
1480,4487.6,4487.6
1481,4460.1,4460.1
1482,4513.7,4513.7
1483,4547.1,4547.1
1484,4605.2,4605.2
1485,4638.9,4638.9
1486,4684.4,4684.4
1487,4677.1,4677.1
1488,4676.2,4676.2
1489,4609.9,4609.9
1490,4636.2,4636.2
1491,4556.5,4556.5
1492,4519.9,4519.9
1493,4535.1,4535.1
1494,4442.9,4442.9
1495,4491.3,4491.3
1496,4497.3,4497.3
1497,4558.6,4558.6
1498,4620.5,4620.5
1499,4659.2,4659.2
1500,4659.2,4659.2
1501,4659.2,4659.2
1502,4501.7,4501.7
1503,4488.7,4488.7
1504,4463.9,4463.9
1505,4471.5,4471.5
1506,4588,NA
1507,4582.6,4582.6
1508,4634.9,4634.9
1509,4626.6,4626.6
1510,4604.2,4604.2
1511,4586.3,4586.3
1512,4643.4,4643.4
1513,4625.6,4625.6
1514,4665.7,4665.7
1515,4699.1,4699.1
1516,4740.1,4740.1
1517,4752.3,4752.3
1518,4781.1,4781.1
1519,4836.1,4836.1
1520,4772.3,4772.3
1521,4793.3,4793.3
1522,4855.1,4855.1
1523,4897.6,4897.6
1524,4897.6,4897.6
1525,4953.5,4953.5
1526,5029.6,5029.6
1527,4988.4,4988.4
1528,5016,NA
1529,5016,NA
1530,5004.7,5004.7
1531,5042.5,5042.5
1532,5084.2,5084.2
1533,5134.3,5134.3
1534,5141.7,5141.7
1535,5157.5,5157.5
1536,5157.5,5157.5
1537,5081,NA
1538,5178.6,5178.6
1539,5176.4,5176.4
1540,5181,NA
1541,5196.7,5196.7
1542,5190,NA
1543,5133.1,5133.1
1544,5132.1,5132.1
1545,5041.6,5041.6
1546,5150,NA
1547,5207.2,5207.2
1548,5238.5,5238.5
1549,5251.2,5251.2
1550,5320,NA
1551,5368.8,5368.8
1552,5361.9,5361.9
1553,5308.6,5308.6
1554,5364.2,5364.2
1555,5384.6,5384.6
1556,5362,NA
1557,5345.9,5345.9
1558,5405,NA
1559,5510.3,5510.3
1560,5561.8,5561.8
1561,5587.8,5587.8
1562,5576.1,5576.1
1563,5662.4,5662.4
1564,5669.9,5669.9
1565,5700.3,5700.3
1566,5620.6,5620.6
1567,5654.8,5654.8
1568,5674.3,5674.3
1569,5804.9,5804.9
1570,5846.5,5846.5
1571,5947,NA
1572,6012.6,6012.6
1573,5977.1,5977.1
1574,5885.4,5885.4
1575,5801.5,5801.5
1576,5845.8,5845.8
1577,5844.7,5844.7
1578,5927.5,5927.5
1579,5868.3,5868.3
1580,5737.1,5737.1
1581,5620.5,5620.5
1582,5677.1,5677.1
1583,5869.9,5869.9
1584,5849.2,5849.2
1585,5847,NA
1586,5888,NA
1587,5842.1,5842.1
1588,5929.5,5929.5
1589,5898.2,5898.2
1590,5898.2,5898.2
1591,5771,NA
1592,5765.2,5765.2
1593,5812.1,5812.1
1594,5922.1,5922.1
1595,5864.8,5864.8
1596,5825.6,5825.6
1597,5808.4,5808.4
1598,5682.1,5682.1
1599,5579.5,5579.5
1600,5498.5,5498.5
1601,5405.6,5405.6
1602,5580.1,5580.1
1603,5690.1,5690.1
1604,5668.8,5668.8
1605,5475.8,5475.8
1606,5473.9,5473.9
1607,5363.3,5363.3
1608,5409.6,5409.6
1609,5217.3,5217.3
1610,5216.7,5216.7
1611,5271.5,5271.5
1612,5447.5,5447.5
1613,5478.6,5478.6
1614,5478.1,5478.1
1615,5532.9,5532.9
1616,5505.3,5505.3
1617,5445.1,5445.1
1618,5356.7,5356.7
1619,5280.8,5280.8
1620,5281.9,5281.9
1621,5321.7,5321.7
1622,5417.8,5417.8
1623,5550.4,5550.4
1624,5629,NA
1625,5611,NA
1626,5705.1,5705.1
1627,5730.4,5730.4
1628,5732.5,5732.5
1629,5667.1,5667.1
1630,5716.6,5716.6
1631,5691.8,5691.8
1632,5673.6,5673.6
1633,5754.7,5754.7
1634,5825,NA
1635,5929,NA
1636,5897.4,5897.4
1637,5846.9,5846.9
1638,5822.3,5822.3
1639,5732.2,5732.2
1640,5699.5,5699.5
1641,5792.8,5792.8
1642,5836.3,5836.3
1643,5815.9,5815.9
1644,5806.8,5806.8
1645,5751.6,5751.6
1646,5777.2,5777.2
1647,5862.9,5862.9
1648,5803.2,5803.2
1649,5651.8,5651.8
1650,5689.5,5689.5
1651,5533.5,5533.5
1652,5279.7,5279.7
1653,5479,NA
1654,5370.9,5370.9
1655,5467.2,5467.2
1656,5581.6,5581.6
1657,5538.2,5538.2
1658,5601.6,5601.6
1659,5557.4,5557.4
1660,5438.6,5438.6
1661,5459.7,5459.7
1662,5483.9,5483.9
1663,5434,NA
1664,5418.2,5418.2
1665,5437,NA
1666,5565,NA
1667,5574.2,5574.2
1668,5571.7,5571.7
1669,5650.4,5650.4
1670,5725.5,5725.5
1671,5645.7,5645.7
1672,5666.3,5666.3
1673,5738.3,5738.3
1674,5772.4,5772.4
1675,5775.9,5775.9
1676,5875.1,5875.1
1677,5919.9,5919.9
1678,5922.7,5922.7
1679,5969.5,5969.5
1680,6009,NA
1681,6095.3,6095.3
1682,6103.2,6103.2
1683,6056.6,6056.6
1684,6021.8,6021.8
1685,6018.7,6018.7
1686,5986.6,5986.6
1687,6092.7,6092.7
1688,6122.1,6122.1
1689,6115.1,6115.1
1690,5989.9,5989.9
1691,6049.3,6049.3
1692,6044.7,6044.7
1693,6046.7,6046.7
1694,6046.7,6046.7
1695,6046.7,6046.7
1696,6190.4,6190.4
1697,6267.6,6267.6
1698,6265.5,6265.5
1699,6265.5,6265.5
1700,6265.5,6265.5
1701,6397,NA
1702,6375.7,6375.7
1703,6390,NA
1704,6330.2,6330.2
1705,6251.8,6251.8
1706,6062.1,6062.1
1707,6169.3,6169.3
1708,6149.8,6149.8
1709,6148.5,6148.5
1710,6274,NA
1711,6340.4,6340.4
1712,6397.5,6397.5
1713,6391.4,6391.4
1714,6356.1,6356.1
1715,6391,NA
1716,6411,NA
1717,6424,NA
1718,6508.7,6508.7
1719,6530.4,6530.4
1720,6582.6,6582.6
1721,6688,NA
1722,6720.7,6720.7
1723,6708.9,6708.9
1724,6772,NA
1725,6857.1,6857.1
1726,6828.4,6828.4
1727,6860.8,6860.8
1728,6931.6,6931.6
1729,6856,NA
1730,6898.9,6898.9
1731,6905.3,6905.3
1732,6990.5,6990.5
1733,6966.2,6966.2
1734,6953.2,6953.2
1735,6986.7,6986.7
1736,6986.1,6986.1
1737,6945,NA
1738,7065.4,7065.4
1739,7118.6,7118.6
1740,7153.1,7153.1
1741,7273,NA
1742,7259.5,7259.5
1743,7130.5,7130.5
1744,7077.3,7077.3
1745,7197.2,7197.2
1746,7187.5,7187.5
1747,7246.5,7246.5
1748,7276.7,7276.7
1749,7267.9,7267.9
1750,7328,NA
1751,7261.2,7261.2
1752,7236.5,7236.5
1753,7132.4,7132.4
1754,7143.8,7143.8
1755,7300.5,7300.5
1756,7341,NA
1757,7407.4,7407.4
1758,7472.1,7472.1
1759,7415.9,7415.9
1760,7530.3,7530.3
1761,7536.3,7536.3
1762,7585.5,7585.5
1763,7615.5,7615.5
1764,7638.8,7638.8
1765,7725.9,7725.9
1766,7827.7,7827.7
1767,7744.3,7744.3
1768,7588.1,7588.1
1769,7624.1,7624.1
1770,7624.1,7624.1
1771,7624.1,7624.1
1772,7662.9,7662.9
1773,7616.3,7616.3
1774,7500.1,7500.1
1775,7453.7,7453.7
1776,7500.1,7500.1
1777,7369.1,7369.1
1778,7308.9,7308.9
1779,7265.5,7265.5
1780,7232.3,7232.3
1781,7053.5,7053.5
1782,7180.1,7180.1
1783,7241.8,7241.8
1784,7401.4,7401.4
1785,7401.4,7401.4
1786,7640.8,7640.8
1787,7596.2,7596.2
1788,7610.8,7610.8
1789,7536,NA
1790,7587.1,7587.1
1791,7677.5,7677.5
1792,7627.3,7627.3
1793,7582.8,7582.8
1794,7550.6,7550.6
1795,7519.4,7519.4
1796,7371.4,7371.4
1797,7483.2,7483.2
1798,7495.8,7495.8
1799,7495.8,7495.8
1800,7542.7,7542.7
1801,7657.1,7657.1
1802,7731.9,7731.9
1803,7633.5,7633.5
1804,7605,NA
1805,7656.1,7656.1
1806,7656.1,7656.1
1807,7657.5,7657.5
1808,7676.3,7676.3
1809,7592.9,7592.9
1810,7699.5,7699.5
1811,7743.4,7743.4
1812,7716.8,7716.8
1813,7652.6,7652.6
1814,7498.4,7498.4
1815,7417.4,7417.4
1816,7342.7,7342.7
1817,7388.7,7388.7
1818,7562.7,7562.7
1819,7488,NA
1820,7518.6,7518.6
1821,7511.8,7511.8
1822,7624.8,7624.8
1823,7667.9,7667.9
1824,7794.7,7794.7
1825,7816.9,7816.9
1826,7881.9,7881.9
1827,7882,NA
1828,8038.2,8038.2
1829,8047.3,8047.3
1830,8099,NA
1831,8166,NA
1832,8160,NA
1833,8227.2,8227.2
1834,8205,NA
1835,8192.4,8192.4
1836,8141.9,8141.9
1837,8180.5,8180.5
1838,8158.1,8158.1
1839,8126.5,8126.5
1840,8288.2,8288.2
1841,8400.8,8400.8
1842,8412,NA
1843,8340.7,8340.7
1844,8229.2,8229.2
1845,8205.7,8205.7
1846,7998.7,7998.7
1847,8093,NA
1848,8102.7,8102.7
1849,8205.5,8205.5
1850,8239.5,8239.5
1851,8139.2,8139.2
1852,8170.2,8170.2
1853,7943.2,7943.2
1854,7846.2,7846.2
1855,7952.9,7952.9
1856,7721.3,7721.3
1857,7447.9,7447.9
1858,7607.5,7607.5
1859,7552.6,7552.6
1860,7676.3,7676.3
